"Subject","Trial #","Motion Description","framerate","Frames 60fps","Status","Worked on by"
1,1,"playground - forward jumps, turn around",120,1376,"Centered","DragonForgedTheArtist"
1,2,"playground - climb",120,2173,"Centered","DragonForgedTheArtist"
1,3,"playground - climb, hang, swing",120,2255,"Centered","DragonForgedTheArtist"
1,4,"playground - climb",120,2149,"Centered","DragonForgedTheArtist"
1,5,"playground - climb, go under",120,2188,"Centered","DragonForgedTheArtist"
1,6,"playground - climb, sit, dangle legs, descend",120,2567,"Centered","DragonForgedTheArtist"
1,7,"playground - climb, sit, dangle legs, jump down",120,2420,"Centered","DragonForgedTheArtist"
1,8,"playground - climb, sit, dangle legs, rock back, lower self to ground",120,1305,"Centered","DragonForgedTheArtist"
1,9,"playground - climb, hang, hold self up with arms straight, swing, drop, sit, dangle legs, go under",120,2121,"Centered","DragonForgedTheArtist"
1,10,"playground - climb, swing, lean back, drop",120,1633,"Centered","DragonForgedTheArtist"
1,11,"playground - climb, hang, lean over, jump down",120,2327,"Centered","DragonForgedTheArtist"
1,12,"playground - climb, pull up, dangle, sit, lower self to ground",120,2055,"Centered","DragonForgedTheArtist"
1,13,"playground - climb, go under, jump down",120,1693,"Centered","DragonForgedTheArtist"
1,14,"playground - climb, jump down, dangle, legs push off against",120,1169,"Centered","DragonForgedTheArtist"
2,1,"walk",120,171,"Centered","DragonForgedTheArtist"
2,2,"walk",120,148,"Centered","DragonForgedTheArtist"
2,3,"run/jog",120,86,"Centered","DragonForgedTheArtist"
2,4,"jump, balance",120,241,"Centered","DragonForgedTheArtist"
2,5,"punch/strike",120,927,"Centered","DragonForgedTheArtist"
2,6,"bend over, scoop up, rise, lift arm",120,1118,"Centered","DragonForgedTheArtist"
2,7,"swordplay",120,1126,"Centered","DragonForgedTheArtist"
2,8,"swordplay",120,750,"Centered","DragonForgedTheArtist"
2,9,"swordplay",120,517,"Centered","DragonForgedTheArtist"
2,10,"wash self",120,1323,"Centered","DragonForgedTheArtist"
3,1,"walk on uneven terrain",120,215,"Centered","DragonForgedTheArtist"
3,2,"walk on uneven terrain",120,182,"Centered","DragonForgedTheArtist"
3,3,"walk on uneven terrain",120,2282,"Centered","DragonForgedTheArtist"
3,4,"walk on uneven terrain",120,2361,"Centered","DragonForgedTheArtist"
5,1,"walk",120,299,"Centered","DragonForgedTheArtist"
5,2,"dance - expressive arms, pirouette",120,562,"Centered","DragonForgedTheArtist"
5,3,"dance - sideways arabesque, turn step, folding arms",120,216,"Centered","DragonForgedTheArtist"
5,4,"dance - sideways arabesque, folding arms, bending back",120,600,"Centered","DragonForgedTheArtist"
5,5,"dance - quasi-cou-de-pied, raised leg above hip-height, jete en tourant",120,458,"Centered","DragonForgedTheArtist"
5,6,"dance - cartwheel-like start, pirouettes, jete",120,443,"Centered","DragonForgedTheArtist"
5,7,"dance - small jetes, attitude/arabesque, shifted-axis pirouette, turn",120,596,"Centered","DragonForgedTheArtist"
5,8,"dance - rond de jambe in the air, jete, turn",120,361,"Centered","DragonForgedTheArtist"
5,9,"dance - glissade devant, glissade derriere, attitude/arabesque",120,572,"Centered","DragonForgedTheArtist"
5,10,"dance - glissade devant, glissade derriere, attitude/arabesque",120,409,"Centered","DragonForgedTheArtist"
5,11,"dance - sideways steps, pirouette",120,296,"Centered","DragonForgedTheArtist"
5,12,"dance - arms held high, pointe tendue a terre, upper body rotation",120,677,"Centered","DragonForgedTheArtist"
5,13,"dance - small jetes, pirouette",120,548,"Centered","DragonForgedTheArtist"
5,14,"dance - retire derriere, attitude/arabesque",120,321,"Centered","DragonForgedTheArtist"
5,15,"dance - retire derriere, attitude/arabesque",120,270,"Centered","DragonForgedTheArtist"
5,16,"dance - coupe dessous, jete en tourant",120,263,"Centered","DragonForgedTheArtist"
5,17,"dance - coupe dessous, grand jete en tourant",120,522,"Centered","DragonForgedTheArtist"
5,18,"dance - attitude/arabesque, jete en tourant, bending back",120,915,"Centered","DragonForgedTheArtist"
5,19,"dance - attitude/arabesque, jete en tourant, bending back",120,430,"Centered","DragonForgedTheArtist"
5,20,"dance - attitude/arabesque, jete en tourant, bending back",120,548,"Centered","DragonForgedTheArtist"
6,1,"walk",120,246,"Centered","DragonForgedTheArtist"
6,2,"basketball - forward dribble",120,361,"Centered","DragonForgedTheArtist"
6,3,"basketball - forward dribble",120,264,"Centered","DragonForgedTheArtist"
6,4,"basketball - forward dribble",120,197,"Centered","DragonForgedTheArtist"
6,5,"basketball - forward dribble",120,192,"Centered","DragonForgedTheArtist"
6,6,"basketball - backward dribble",120,200,"Centered","DragonForgedTheArtist"
6,7,"basketball - backward dribble",120,288,"Centered","DragonForgedTheArtist"
6,8,"basketball - sideways dribble",120,170,"Centered","DragonForgedTheArtist"
6,9,"basketball - sideways dribble",120,150,"Centered","DragonForgedTheArtist"
6,10,"basketball - forward dribble, 90-degree left turns",120,557,"Centered","DragonForgedTheArtist"
6,11,"basketball - forward dribble, 90-degree right turns",120,573,"Centered","DragonForgedTheArtist"
6,12,"basketball - forward dribble, 90-degree right turns, crossover dribble",120,611,"Centered","DragonForgedTheArtist"
6,13,"basketball - low, fast free style dribble, dribble through legs",120,2453,"Centered","DragonForgedTheArtist"
6,14,"basketball - crossover dribble, shoot",120,239,"Centered","DragonForgedTheArtist"
6,15,"basketball - dribble, shoot",120,273,"Centered","DragonForgedTheArtist"
7,1,"walk",120,157,"Centered","DragonForgedTheArtist"
7,2,"walk",120,164,"Centered","DragonForgedTheArtist"
7,3,"walk",120,,,
7,4,"slow walk",120,,,
7,5,"slow walk",120,,,
7,6,"walk",120,,,
7,7,"walk",120,,,
7,8,"walk",120,,,
7,9,"walk",120,,,
7,10,"walk",120,,,
7,11,"walk",120,,,
7,12,"brisk walk",120,,,
8,1,"walk",120,,,
8,2,"walk",120,,,
8,3,"walk",120,,,
8,4,"slow walk",120,,,
8,5,"walk/stride",120,,,
8,6,"walk",120,,,
8,7,"walk, exaggerated stride",120,,,
8,8,"walk",120,,,
8,9,"walk",120,,,
8,10,"walk",120,,,
8,11,"slow walk/stride",120,,,
9,1,"run",120,,,
9,2,"run",120,,,
9,3,"run",120,,,
9,4,"run",120,,,
9,5,"run",120,,,
9,6,"run",120,,,
9,7,"run",120,,,
9,8,"run",120,,,
9,9,"run",120,,,
9,10,"run",120,,,
9,11,"run",120,,,
9,12,"navigate - walk forward, backward, sideways",120,,,
10,1,"soccer - kick ball",120,,,
10,2,"soccer - kick ball",120,,,
10,3,"soccer - kick ball",120,,,
10,4,"walk",120,,,
10,5,"soccer - kick ball",120,,,
10,6,"soccer - kick ball",120,,,
11,1,"soccer - kick ball",120,,,
12,1,"walk",120,,,
12,2,"walk",120,,,
12,3,"walk",120,,,
12,4,"tai chi",120,,,
13,1,"sit on high stool, stand up",120,,,
13,2,"sit on high stool, stand up",120,,,
13,3,"sit on high stool, stand up",120,,,
13,4,"sit on stepstool, chin in hand",120,,,
13,5,"sit on stepstool, hands against chin, fidget, stand up",120,,,
13,6,"sit on stepstool, hands against chin, elbow out, stand up",120,,,
13,7,"unscrew bottlecap, drink soda",120,,,
13,8,"unscrew bottlecap, drink soda, screw on bottlecap",120,,,
13,9,"drink soda",120,,,
13,10,"jump up to grab, reach for, tiptoe",120,,,
13,11,"forward jump",120,,,
13,12,"jump up to grab, reach for, tiptoe",120,,,
13,13,"forward jump",120,,,
13,14,"laugh",120,,,
13,15,"laugh",120,,,
13,16,"laugh",120,,,
13,17,"boxing",120,,,
13,18,"boxing",120,,,
13,19,"forward jump",120,,,
13,20,"wash windows",120,,,
13,21,"wash windows",120,,,
13,22,"wash windows",120,,,
13,23,"sweep floor",120,,,
13,24,"sweep floor",120,,,
13,25,"sweep floor",120,,,
13,26,"direct traffic, wave",120,,,
13,27,"direct traffic, wave, point",120,,,
13,28,"direct traffic, wave, point",120,,,
13,29,"jumping jacks, side twists, bend over, squats",120,,,
13,30,"jumping jacks, side twists, squats, jog",120,,,
13,31,"jumping jacks, side twists, bend over, jog",120,,,
13,32,"forward jump",120,,,
13,33,"climb ladder",120,,,
13,34,"climb ladder",120,,,
13,35,"climb 3 steps",120,,,
13,36,"climb 3 steps",120,,,
13,37,"climb 3 steps",120,,,
13,38,"climb 3 steps",120,,,
13,39,"jump",120,,,
13,40,"jump",120,,,
13,41,"jump",120,,,
13,42,"jump",120,,,
14,1,"boxing",120,,,
14,2,"boxing",120,,,
14,3,"boxing",120,,,
14,4,"drink soda, screw on bottlecap",120,,,
14,5,"unscrew bottlecap, drink soda",120,,,
14,6,"jumping jacks, jog, squats, side twists, stretches",120,,,
14,7,"jump up to grab, reach for, tiptoe",120,,,
14,8,"jump up to grab, reach for, tiptoe",120,,,
14,9,"jump up to grab, reach for, tiptoe",120,,,
14,10,"wash windows",120,,,
14,11,"wash windows",120,,,
14,12,"wash windows",120,,,
14,13,"mop floor",120,,,
14,14,"jumping jacks, jog, squats, side twists, stretches",120,,,
14,15,"mop floor",120,,,
14,16,"sweep floor",120,,,
14,17,"laugh",120,,,
14,18,"laugh",120,,,
14,19,"laugh",120,,,
14,20,"jumping jacks, side twists, reach up, bend over",120,,,
14,21,"climb 3 steps",120,,,
14,22,"climb 3 steps",120,,,
14,23,"climb 3 steps",120,,,
14,24,"direct traffic, wave, point",120,,,
14,25,"direct traffic, wave, point",120,,,
14,26,"direct traffic, wave, point",120,,,
14,27,"sit on high stool, stand up",120,,,
14,28,"sit on high stool, stand up",120,,,
14,29,"sit on stepstool, stand up, swing legs",120,,,
14,30,"sit on stepstool, ankle on other knee, hand on chin",120,,,
14,31,"sit on stepstool, stand up",120,,,
14,32,"sit on stepstool, stand up",120,,,
14,33,"climb ladder",120,,,
14,34,"climb ladder",120,,,
14,35,"climb ladder",120,,,
14,36,"sit on stepstool, stand up",120,,,
14,37,"drink soda",120,,,
15,1,"walk/wander",120,,,
15,2,"climb, step over, sit on, stand on stepstool",120,,,
15,3,"walk/wander",120,,,
15,4,"wash windows, paint; hand signals; dance - Egyptian walk, the Dive, the Twist, the Cabbage Patch; boxing",120,,,
15,5,"wash windows, paint; hand signals; dance - Egyptian walk, the Dive, the Twist, the Cabbage Patch; boxing",120,,,
15,6,"lean forward, reach for",120,,,
15,7,"lean forward, tiptoe, reach for",120,,,
15,8,"hand signals - horizontally revolve forearms",120,,,
15,9,"walk/wander",120,,,
15,10,"sit on high stool, stand up",120,,,
15,11,"wash windows, paint figure eights; hand signals",120,,,
15,12,"wash windows; basketball - dribble, lay-up shot, pass; throw ball; dance - Egyptian walk, the Dive, the Twist; strew",120,,,
15,13,"boxing",120,,,
15,14,"walk/wander",120,,,
16,1,"jump",120,,,
16,2,"jump",120,,,
16,3,"high jump",120,,,
16,4,"high jump",120,,,
16,5,"forward jump",120,,,
16,6,"forward jump",120,,,
16,7,"forward jump",120,,,
16,8,"run/jog, sudden stop",120,,,
16,9,"forward jump",120,,,
16,10,"forward jump",120,,,
16,11,"walk, veer left",120,,,
16,12,"walk, veer left",120,,,
16,13,"walk, veer right",120,,,
16,14,"walk, veer right",120,,,
16,15,"walk",120,,,
16,16,"walk",120,,,
16,17,"walk, 90-degree left turn",120,,,
16,18,"walk, 90-degree left turn",120,,,
16,19,"walk, 90-degree right turn",120,,,
16,20,"walk, 90-degree right turn",120,,,
16,21,"walk",120,,,
16,22,"walk",120,,,
16,23,"walk, veer left",120,,,
16,24,"walk, veer left",120,,,
16,25,"walk, veer right",120,,,
16,26,"walk, veer right",120,,,
16,27,"walk, 90-degree left turn",120,,,
16,28,"walk, 90-degree left turn",120,,,
16,29,"walk, 90-degree right turn",120,,,
16,30,"walk, 90-degree right turn",120,,,
16,31,"walk",120,,,
16,32,"walk",120,,,
16,33,"slow walk, stop",120,,,
16,34,"slow walk, stop",120,,,
16,35,"run/jog",120,,,
16,36,"run/jog",120,,,
16,37,"run/jog, veer left",120,,,
16,38,"run/jog, veer left",120,,,
16,39,"run/jog, veer right",120,,,
16,40,"run/jog, veer right",120,,,
16,41,"run/jog, 90-degree left turn",120,,,
16,42,"run/jog, 90-degree left turn",120,,,
16,43,"run/jog, 90-degree right turn",120,,,
16,44,"run/jog, 90-degree right turn",120,,,
16,45,"run/jog",120,,,
16,46,"run/jog",120,,,
16,47,"walk",120,,,
16,48,"run, veer left",120,,,
16,49,"run, veer right",120,,,
16,50,"run, veer right",120,,,
16,51,"run, 90-degree left turn",120,,,
16,52,"run, 90-degree left turn",120,,,
16,53,"run, 90-degree right turn",120,,,
16,54,"run, 90-degree right turn",120,,,
16,55,"run",120,,,
16,56,"run/jog",120,,,
16,57,"run/jog, sudden stop",120,,,
16,58,"walk",120,,,
17,1,"walk with anger, frustration",120,,,
17,2,"walk with anger, frustration",120,,,
17,3,"walk stealthily",120,,,
17,4,"walk stealthily",120,,,
17,5,"walk/hobble",120,,,
17,6,"whistle, walk jauntily",120,,,
17,7,"whistle, walk jauntily",120,,,
17,8,"muscular, heavyset person's walk",120,,,
17,9,"muscular, heavyset person's walk",120,,,
17,10,"boxing",120,,,
18,1,"walk, shake hands (2 subjects - subject A)",120,,,
18,2,"walk, shake hands (2 subjects - subject A)",120,,,
18,3,"A pulls B; B resists (2 subjects - subject A)",120,,,
18,4,"A pulls B; B resists (2 subjects - subject A)",120,,,
18,5,"A pulls B by the elbow; B resists (2 subjects - subject A)",120,,,
18,6,"A pulls B by the elbow; B resists (2 subjects - subject A)",120,,,
18,7,"navigate busy sidewalk; A leads the way, takes B by the arm (2 subjects - subject A)",120,,,
18,8,"conversation - explain with hand gestures (2 subjects - subject A)",120,,,
18,9,"conversation - explain with hand gestures, walk (2 subjects - subject A)",120,,,
18,10,"quarrel - angry hand gestures (2 subjects - subject A)",120,,,
18,11,"quarrel - angry hand gestures (2 subjects - subject A)",120,,,
18,12,"friends meet, hang out; A sits, B joins A (2 subjects - subject A)",120,,,
18,13,"run, scramble for last seat (2 subjects - subject A)",120,,,
18,14,"run, scramble for last seat (2 subjects - subject A)",120,,,
18,15,"chicken dance (2 subjects - subject A)",120,,,
19,1,"walk, shake hands (2 subjects - subject B)",120,,,
19,2,"walk, shake hands (2 subjects - subject B)",120,,,
19,3,"A pulls B; B resists (2 subjects - subject B)",120,,,
19,4,"A pulls B; B resists (2 subjects - subject B)",120,,,
19,5,"A pulls B by the elbow; B resists (2 subjects - subject B)",120,,,
19,6,"A pulls B by the elbow; B resists (2 subjects - subject B)",120,,,
19,7,"navigate busy sidewalk; A leads the way, takes B by the arm (2 subjects - subject B)",120,,,
19,8,"conversation - explain with hand gestures (2 subjects - subject B)",120,,,
19,9,"conversation - explain with hand gestures, walk (2 subjects - subject B)",120,,,
19,10,"quarrel - angry hand gestures (2 subjects - subject B)",120,,,
19,11,"quarrel - angry hand gestures (2 subjects - subject B)",120,,,
19,12,"friends meet, hang out; A sits, B joins A (2 subjects - subject B)",120,,,
19,13,"run, scramble for last seat (2 subjects - subject B)",120,,,
19,14,"run, scramble for last seat (2 subjects - subject B)",120,,,
19,15,"chicken dance (2 subjects - subject B)",120,,,
20,1,"chicken dance (2 subjects - subject A)",120,,,
20,2,"link arms, walk (2 subjects - subject A)",120,,,
20,3,"link arms, walk (2 subjects - subject A)",120,,,
20,4,"synchronized walk (2 subjects - subject A)",120,,,
20,5,"synchronized walk (2 subjects - subject A)",120,,,
20,6,"soldiers march (2 subjects - subject A)",120,,,
20,7,"soldiers march (2 subjects - subject A)",120,,,
20,8,"zombie march (2 subjects - subject A)",120,,,
20,9,"nursery rhyme - ring around the rosey (2 subjects - subject A)",120,,,
20,10,"360-degree two-person whip (2 subjects - subject A)",120,,,
20,11,"high-five, walk (2 subjects - subject A)",120,,,
20,12,"low-five, walk (2 subjects - subject A)",120,,,
20,13,"blind man's bluff (blindfold tag) (2 subjects - subject A)",120,,,
21,1,"chicken dance (2 subjects - subject B)",120,,,
21,2,"link arms, walk (2 subjects - subject B)",120,,,
21,3,"link arms, walk (2 subjects - subject B)",120,,,
21,4,"synchronized walk (2 subjects - subject B)",120,,,
21,5,"synchronized walk (2 subjects - subject B)",120,,,
21,6,"soldiers march (2 subjects - subject B)",120,,,
21,7,"soldiers march (2 subjects - subject B)",120,,,
21,8,"zombie march (2 subjects - subject B)",120,,,
21,9,"nursery rhyme - ring around the rosey (2 subjects - subject B)",120,,,
21,10,"360-degree two-person whip (2 subjects - subject B)",120,,,
21,11,"high-five, walk (2 subjects - subject B)",120,,,
21,12,"low-five, walk (2 subjects - subject B)",120,,,
21,13,"blind man's bluff (blindfold tag) (2 subjects - subject B)",120,,,
22,1,"B sits; A pulls up B (2 subjects - subject A)",120,,,
22,2,"A sits; B pulls up A (2 subjects - subject A)",120,,,
22,3,"A sits, holds face in hands; B kneels, comforts A (2 subjects - subject A)",120,,,
22,4,"B comforts A, puts one hand on A's shoulder (2 subjects - subject A)",120,,,
22,5,"A comforts B, puts both hands on B's shoulders (2 subjects - subject A)",120,,,
22,6,"B comforts A, puts both hands on A's shoulders (2 subjects - subject A)",120,,,
22,7,"A comforts B, puts one hand on B's shoulder (2 subjects - subject A)",120,,,
22,8,"hold hands, swing arms, walk (2 subjects - subject A)",120,,,
22,9,"A gives B a shoulder rub; B sits, A stands (2 subjects - subject A)",120,,,
22,10,"A shelters B, a younger child, from harm (2 subjects - subject A)",120,,,
22,11,"B shelters A, a younger child, from harm (2 subjects - subject A)",120,,,
22,12,"A stumbles into B (2 subjects - subject A)",120,,,
22,13,"A passes soda to B; both drink (2 subjects - subject A)",120,,,
22,14,"alternating squats (2 subjects - subject A)",120,,,
22,15,"alternating jumping jacks (2 subjects - subject A)",120,,,
22,16,"synchronized jumping jacks (2 subjects - subject A)",120,,,
22,17,"rush up, arm wrestle (2 subjects - subject A)",120,,,
22,18,"A stares down B, leans with hands on high stool (2 subjects - subject A)",120,,,
22,19,"B stares down A, leans with hands on high stool (2 subjects - subject A)",120,,,
22,20,"violence - A picks up high stool, threatens to strike B (2 subjects - subject A)",120,,,
22,21,"conversation - B pounds high stool, points at A (2 subjects - subject A)",120,,,
22,22,"walk; B catches keys thrown by A (2 subjects - subject A)",120,,,
22,23,"walk; A catches keys thrown by B (2 subjects - subject A)",120,,,
22,24,"walk; B catches wallet thrown by A (2 subjects - subject A)",120,,,
22,25,"walk; A catches wallet thrown by B (2 subjects - subject A)",120,,,
23,1,"B sits; A pulls up B (subjects - subject B)",120,,,
23,2,"A sits; B pulls up A (subjects - subject B)",120,,,
23,3,"A sits, holds face in hands; B kneels, comforts A (2 subjects - subject B)",120,,,
23,4,"B comforts A, puts one hand on A's shoulder (2 subjects - subject B)",120,,,
23,5,"A comforts B, puts both hands on B's shoulders (2 subjects - subject B)",120,,,
23,6,"B comforts A, puts both hands on A's shoulders (2 subjects - subject B)",120,,,
23,7,"A comforts B, puts one hand on B's shoulder (2 subjects - subject B)",120,,,
23,8,"hold hands, swing arms, walk (2 subjects - subject B)",120,,,
23,9,"A gives B a shoulder rub; B sits, A stands (subjects - subject B)",120,,,
23,10,"A shelters B, a younger child, from harm (2 subjects - subject B)",120,,,
23,11,"B shelters A, a younger child, from harm (2 subjects - subject B)",120,,,
23,12,"A stumbles into B (2 subjects - subject B)",120,,,
23,13,"A passes soda to B; both drink (2 subjects - subject B)",120,,,
23,14,"alternating squats (2 subjects - subject B)",120,,,
23,15,"alternating jumping jacks (2 subjects - subject B)",120,,,
23,16,"synchronized jumping jacks (2 subjects - subject B)",120,,,
23,17,"rush up, arm wrestle (2 subjects - subject B)",120,,,
23,18,"A stares down B, leans with hands on high stool (2 subjects - subject B)",120,,,
23,19,"B stares down A, leans with hands on high stool (2 subjects - subject B)",120,,,
23,20,"violence - A picks up high stool, threatens to strike B (2 subjects - subject B)",120,,,
23,21,"conversation - B pounds high stool, points at A (2 subjects - subject B)",120,,,
23,22,"walk; B catches keys thrown by A (2 subjects - subject B)",120,,,
23,23,"walk; A catches keys thrown by B (2 subjects - subject B)",120,,,
23,24,"walk; B catches wallet thrown by A (2 subjects - subject B)",120,,,
23,25,"walk; A catches wallet thrown by B (2 subjects - subject B)",120,,,
24,1,"nursery rhyme - ""I'm a little teapot...""",120,,,
25,1,"nursery rhyme - ""I'm a little teapot...""",120,,,
26,1,"walk",120,,,
26,2,"basketball signals",120,,,
26,3,"nursery rhyme - ""I'm a little teapot...""",120,,,
26,4,"nursery rhyme - ""I'm a little teapot...""",120,,,
26,5,"Alaska vacation",120,,,
26,6,"Alaska vacation",120,,,
26,7,"nursery rhyme - Cock Robin",120,,,
26,8,"nursery rhyme - Cock Robin",120,,,
26,9,"bend, pick up",120,,,
26,10,"bend, lift",120,,,
26,11,"bend, lift",120,,,
27,1,"walk",120,,,
27,2,"basketball signals",120,,,
27,3,"nursery rhyme - ""I'm a little teapot...""",120,,,
27,4,"Alaskan vacation",120,,,
27,5,"nursery rhyme - Cock Robin",120,,,
27,6,"basketball signals",120,,,
27,7,"nursery rhyme - ""I'm a little teapot...""",120,,,
27,8,"Alaskan vacation",120,,,
27,9,"Alaskan vacation",120,,,
27,10,"nursery rhyme - Cock Robin",120,,,
27,11,"prairie dog (human subject)",120,,,
28,1,"basketball signals",120,,,
28,2,"nursery rhyme - ""I'm a little teapot...""",120,,,
28,3,"Alaskan vacation",120,,,
28,4,"nursery rhyme - Cock Robin",120,,,
28,5,"basketball signals",120,,,
28,6,"nursery rhyme - ""I'm a little teapot...""",120,,,
28,7,"Alaskan vacation",120,,,
28,8,"nursery rhyme - Cock Robin",120,,,
28,9,"prairie dog (human subject)",120,,,
28,10,"whale (human subject)",120,,,
28,11,"bear (human subject)",120,,,
28,12,"dog (human subject)",120,,,
28,13,"snake (human subject)",120,,,
28,14,"chicken (human subject)",120,,,
28,15,"monkey (human subject)",120,,,
28,16,"mouse (human subject)",120,,,
28,17,"cat (human subject)",120,,,
28,18,"elephant (human subject)",120,,,
28,19,"dinosaur (human subject)",120,,,
29,1,"walk",120,,,
29,2,"basketball signals",120,,,
29,3,"nursery rhyme - ""I'm a little teapot...""",120,,,
29,4,"Alaskan vacation",120,,,
29,5,"Alaskan vacation",120,,,
29,6,"nursery rhyme - Cock Robin",120,,,
29,7,"basketball signals",120,,,
29,8,"nursery rhyme - ""I'm a little teapot...""",120,,,
29,9,"Alaskan vacation",120,,,
29,10,"nursery rhyme - Cock Robin",120,,,
29,11,"Alaskan vacation",120,,,
29,12,"Alaskan vacation",120,,,
29,13,"Alaskan vacation",120,,,
29,14,"prairie dog (human subject)",120,,,
29,15,"whale (human subject)",120,,,
29,16,"bear (human subject)",120,,,
29,17,"dog (human subject)",120,,,
29,18,"cat (human subject)",120,,,
29,19,"fish (human subject)",120,,,
29,20,"elephant (human subject)",120,,,
29,21,"mouse (human subject)",120,,,
29,22,"chicken (human subject)",120,,,
29,23,"dinosaur (human subject)",120,,,
29,24,"snake (human subject)",120,,,
29,25,"monkey (human subject)",120,,,
30,1,"basketball signals",120,,,
30,2,"nursery rhyme - ""I'm a little teapot...""",120,,,
30,3,"Alaskan vacation",120,,,
30,4,"Alaskan vacation",120,,,
30,5,"nursery rhyme - Cock Robin",120,,,
30,6,"nursery rhyme - Cock Robin",120,,,
30,7,"basketball signals",120,,,
30,8,"nursery rhyme - ""I'm a little teapot...""",120,,,
30,9,"Alaskan vacation",120,,,
30,10,"nursery rhyme - Cock Robin",120,,,
30,11,"Alaskan vacation",120,,,
30,12,"Alaskan vacation",120,,,
30,13,"prairie dog (human subject)",120,,,
30,14,"whale (human subject)",120,,,
30,15,"bear (human subject)",120,,,
30,16,"dog (human subject)",120,,,
30,17,"cat (human subject)",120,,,
30,18,"elephant (human subject)",120,,,
30,19,"mouse (human subject)",120,,,
30,20,"chicken (human subject)",120,,,
30,21,"snake (human subject)",120,,,
30,22,"Tyrannosaurus rex (human subject)",120,,,
30,23,"monkey (human subject)",120,,,
31,1,"basketball signals",120,,,
31,2,"nursery rhyme - ""I'm a little teapot...""",120,,,
31,3,"Alaskan vacation",120,,,
31,4,"nursery rhyme - Cock Robin",120,,,
31,5,"basketball signals",120,,,
31,6,"nursery rhyme - ""I'm a little teapot...""",120,,,
31,7,"Alaskan vacation",120,,,
31,8,"nursery rhyme - Cock Robin",120,,,
31,9,"Alaskan vacation",120,,,
31,10,"Alaskan vacation",120,,,
31,11,"prairie dog (human subject)",120,,,
31,12,"whale (human subject)",120,,,
31,13,"bear (human subject)",120,,,
31,14,"dog (human subject)",120,,,
31,15,"cat (human subject)",120,,,
31,16,"elephant (human subject)",120,,,
31,17,"Tyrannosaurus rex (human subject)",120,,,
31,18,"mouse (human subject)",120,,,
31,19,"chicken (human subject)",120,,,
31,20,"snake (human subject)",120,,,
31,21,"monkey (human subject)",120,,,
32,1,"walk",120,,,
32,2,"walk",120,,,
32,3,"basketball signals",120,,,
32,4,"nursery rhyme - ""I'm a little teapot...""",120,,,
32,5,"Alaskan vacation",120,,,
32,6,"nursery rhyme - Cock Robin",120,,,
32,7,"basketball signals",120,,,
32,8,"nursery rhyme - ""I'm a little teapot...""",120,,,
32,9,"Alaskan vacation",120,,,
32,10,"nursery rhyme - Cock Robin",120,,,
32,11,"Alaskan vacation",120,,,
32,12,"Alaskan vacation",120,,,
32,13,"prairie dog (human subject)",120,,,
32,14,"bear (human subject)",120,,,
32,15,"dog (human subject)",120,,,
32,16,"cat (human subject)",120,,,
32,17,"elephant (human subject)",120,,,
32,18,"mouse (human subject)",120,,,
32,19,"chicken (human subject)",120,,,
32,20,"Tyrannosaurus rex (human subject)",120,,,
32,21,"snake (human subject)",120,,,
32,22,"monkey (human subject)",120,,,
33,1,"football - throw, catch (2 subjects - subject A)",60,,,
33,2,"football - throw, catch, jump around (2 subjects - subject A)",60,,,
34,1,"football - throw, catch (2 subjects - subject B)",60,,,
34,2,"football - throw, catch, jump around (2 subjects - subject B)",60,,,
35,1,"walk",120,,,
35,2,"walk",120,,,
35,3,"walk",120,,,
35,4,"walk",120,,,
35,5,"walk",120,,,
35,6,"walk",120,,,
35,7,"walk",120,,,
35,8,"walk",120,,,
35,9,"walk",120,,,
35,10,"walk",120,,,
35,11,"walk",120,,,
35,12,"walk",120,,,
35,13,"walk",120,,,
35,14,"walk",120,,,
35,15,"walk",120,,,
35,16,"walk",120,,,
35,17,"run/jog",120,,,
35,18,"run/jog",120,,,
35,19,"run/jog",120,,,
35,20,"run/jog",120,,,
35,21,"run/jog",120,,,
35,22,"run/jog",120,,,
35,23,"run/jog",120,,,
35,24,"run/jog",120,,,
35,25,"run/jog",120,,,
35,26,"run/jog",120,,,
35,27,"navigate around obstacles",120,,,
35,28,"walk",120,,,
35,29,"walk",120,,,
35,30,"walk",120,,,
35,31,"walk",120,,,
35,32,"walk",120,,,
35,33,"walk",120,,,
35,34,"walk",120,,,
36,1,"walk on uneven terrain",120,,,
36,2,"walk forward, turn around, walk back",120,,,
36,3,"walk forward, turn around, walk back",120,,,
36,4,"walk on uneven terrain",120,,,
36,5,"walk on uneven terrain",120,,,
36,6,"walk on uneven terrain",120,,,
36,7,"walk on uneven terrain",120,,,
36,8,"walk on uneven terrain",120,,,
36,9,"walk forward, turn around, walk back",120,,,
36,10,"walk on uneven terrain",120,,,
36,11,"walk on uneven terrain",120,,,
36,12,"walk on uneven terrain",120,,,
36,13,"walk on uneven terrain",120,,,
36,14,"walk on uneven terrain",120,,,
36,15,"walk on uneven terrain",120,,,
36,16,"walk on uneven terrain",120,,,
36,17,"walk on uneven terrain",120,,,
36,18,"walk on uneven terrain",120,,,
36,19,"walk on uneven terrain",120,,,
36,20,"walk on uneven terrain",120,,,
36,21,"walk on uneven terrain",120,,,
36,22,"walk on uneven terrain",120,,,
36,23,"walk on uneven terrain",120,,,
36,24,"walk on uneven terrain",120,,,
36,25,"walk on uneven terrain",120,,,
36,26,"walk on uneven terrain",120,,,
36,27,"walk on uneven terrain",120,,,
36,28,"walk on uneven terrain",120,,,
36,29,"walk on uneven terrain",120,,,
36,30,"walk on uneven terrain",120,,,
36,31,"walk on uneven terrain",120,,,
36,32,"walk on uneven terrain",120,,,
36,33,"walk on uneven terrain",120,,,
36,34,"walk on uneven terrain",120,,,
36,35,"walk on uneven terrain",120,,,
36,36,"walk on uneven terrain",120,,,
36,37,"jump/hop on uneven terrain",120,,,
37,1,"slow walk",120,,,
38,1,"walk",120,,,
38,2,"walk",120,,,
38,3,"run around in a circle",120,,,
38,4,"walk around, frequent turns, cyclic walk along a line",120,,,
39,1,"walk",120,,,
39,2,"walk",120,,,
39,3,"walk",120,,,
39,4,"walk",120,,,
39,5,"walk",120,,,
39,6,"walk",120,,,
39,7,"walk",120,,,
39,8,"walk",120,,,
39,9,"walk",120,,,
39,10,"walk",120,,,
39,11,"walk forward, turn around, walk back",120,,,
39,12,"walk",120,,,
39,13,"walk",120,,,
39,14,"walk",120,,,
40,2,"navigate - walk forward, backward, on a diagonal",120,,,
40,3,"navigate - walk forward, backward, on a diagonal",120,,,
40,4,"navigate - walk forward, backward, on a diagonal",120,,,
40,5,"navigate - walk forward, backward, on a diagonal",120,,,
40,6,"climb, step over, sit on, jump over stepstool",120,,,
40,7,"climb, step over, jump over stepstool",120,,,
40,8,"climb, step over, jump over stepstool",120,,,
40,9,"climb, step over, jump over stepstool",120,,,
40,10,"wait for bus",120,,,
40,11,"wait for bus",120,,,
40,12,"basketball signals",120,,,
41,2,"navigate - walk forward, backward, sideways, on a diagonal",120,,,
41,3,"navigate - walk forward, backward, sideways, on a diagonal",120,,,
41,4,"navigate - walk forward, backward, on a diagonal",120,,,
41,5,"navigate - walk forward, backward, on a diagonal",120,,,
41,6,"navigate - walk forward, backward, on a diagonal",120,,,
41,7,"climb, step over, jump over, navigate around stepstool",120,,,
41,8,"climb, step over, jump over, navigate around stepstool",120,,,
41,9,"climb, step over, jump over, navigate around stepstool",120,,,
41,10,"basketball signals",120,,,
41,11,"basketball signals",120,,,
42,1,"stretch - rotate head, shoulders, arms, legs",60,,,
43,1,"walk",120,,,
43,2,"playground - grip bar, swing body",120,,,
43,3,"playground - grip bar, swing body",120,,,
45,1,"walk",120,,,
46,1,"walk",120,,,
47,1,"walk forward, turn around, walk back",120,,,
49,1,"walk",120,,,
49,2,"jump up and down, hop on one foot",120,,,
49,3,"jump up and down, hop on one foot",120,,,
49,4,"run, leap",120,,,
49,5,"run, leap",120,,,
49,6,"cartwheel",120,,,
49,7,"cartwheel",120,,,
49,8,"cartwheels",120,,,
49,9,"dance - arms held high, side arabesque",120,,,
49,10,"dance - fold in from side arabesque, curl inwards",120,,,
49,11,"dance - fold in from side arabesque, curl inwards",120,,,
49,12,"dance - lean forward, bring back leg forward, arching arms",120,,,
49,13,"dance - fold in from side arabesque, curl inwards",120,,,
49,14,"dance - lean forward, bring back leg forward, arching arms",120,,,
49,15,"static dance pose - folded in, head lowered, leg bent",120,,,
49,16,"dance - fold in from side arabesque, curl inwards",120,,,
49,17,"dance - lean forward, bring back leg forward, arching arms",120,,,
49,18,"balance on one leg, outstretched arms",120,,,
49,19,"balance on one leg, outstretched arms",120,,,
49,20,"balance on one leg, outstretched arms",120,,,
49,21,"acrobatics - spin/twirl, hang on ropes",120,,,
49,22,"dance - lean back on bent leg, balance, bend elbow by ear",120,,,
54,1,"monkey (human subject)",120,,,
54,2,"bear (human subject)",120,,,
54,3,"penguin (human subject)",120,,,
54,4,"pterosaur (human subject)",120,,,
54,5,"pterosaur (human subject)",120,,,
54,6,"pterosaur (human subject)",120,,,
54,7,"prairie dog (human subject)",120,,,
54,8,"roadrunner (human subject)",120,,,
54,9,"insect/praying mantis (human subject)",120,,,
54,10,"ghost (human subject)",120,,,
54,11,"penguin (human subject)",120,,,
54,12,"dragon (human subject)",120,,,
54,13,"dragon (human subject)",120,,,
54,14,"monkey (human subject)",120,,,
54,15,"prairie dog (human subject)",120,,,
54,16,"superhero",120,,,
54,17,"squirrel (human subject)",120,,,
54,18,"squirrel (human subject)",120,,,
54,19,"squirrel - robotic like motion (human subject)",120,,,
54,20,"follow path, walk around obstacles",120,,,
54,21,"follow path, walk around obstacles",120,,,
54,22,"follow path, walk around obstacles",120,,,
54,23,"monkey (human subject)",120,,,
54,24,"hummingbird (human subject)",120,,,
54,25,"chicken (human subject)",120,,,
54,26,"chicken (human subject)",120,,,
54,27,"chicken (human subject)",120,,,
55,1,"dance, whirl",120,,,
55,2,"lambada dance",120,,,
55,3,"genie (human subject)",120,,,
55,4,"walk",120,,,
55,5,"hummingbird (human subject)",120,,,
55,6,"chicken (human subject)",120,,,
55,7,"chicken (human subject)",120,,,
55,8,"monkey (human subject)",120,,,
55,9,"monkey (human subject)",120,,,
55,10,"hummingbird (human subject)",120,,,
55,11,"animal (human subject)",120,,,
55,12,"dancing bear (human subject)",120,,,
55,13,"insect/praying mantis (human subject)",120,,,
55,14,"prairie dog (human subject)",120,,,
55,15,"roadrunner (human subject)",120,,,
55,16,"panda (human subject)",120,,,
55,17,"ghost (human subject)",120,,,
55,18,"penguin (human subject)",120,,,
55,19,"dragon (human subject)",120,,,
55,20,"hippo ballerina (human subject)",120,,,
55,21,"pterosaur (human subject)",120,,,
55,22,"superhero",120,,,
55,23,"devil",120,,,
55,24,"various animals (human subject)",120,,,
55,25,"dancing animal (human subject)",120,,,
55,26,"monkey (human subject)",120,,,
55,27,"dancing ant (human subject)",120,,,
55,28,"monkey/bear (human subject)",120,,,
56,1,"walk around",120,,,
56,2,"vignettes - fists up, wipe window, yawn, stretch, angrily grab, smash against wall",120,,,
56,3,"vignettes - fists up, wipe window, yawn, stretch, angrily grab, smash against wall, lift open window, throw punches, skip",120,,,
56,4,"vignettes - fists up, wipe window, grab, lift open window, throw punches, yawn, stretch, walk, jump",120,,,
56,5,"vignettes - walk, drink water, run/jog, jump, wipe window, lift open window, throw punches, yawn, stretch",120,,,
56,6,"vignettes - throw punches, grab, skip, yawn, stretch, leap, lift open window, walk, jump/bound",120,,,
56,7,"vignettes - yawn, stretch, walk, run/jog, angrily grab, jump, skip, halt",120,,,
56,8,"vignettes - lift open window, smash against wall, hop, walk, run/jog, yawn, stretch",120,,,
60,1,"salsa dance",60,,,
60,2,"salsa dance",60,,,
60,3,"salsa dance",60,,,
60,4,"salsa dance",60,,,
60,5,"salsa dance",60,,,
60,6,"salsa dance",60,,,
60,7,"salsa dance",60,,,
60,8,"salsa dance",60,,,
60,9,"salsa dance",60,,,
60,10,"salsa dance",60,,,
60,11,"salsa dance",60,,,
60,12,"salsa dance",60,,,
60,13,"salsa dance",60,,,
60,14,"salsa dance",60,,,
60,15,"salsa dance",60,,,
61,1,"salsa dance",60,,,
61,2,"salsa dance",60,,,
61,3,"salsa dance",60,,,
61,4,"salsa dance",60,,,
61,5,"salsa dance",60,,,
61,6,"salsa dance",60,,,
61,7,"salsa dance",60,,,
61,8,"salsa dance",60,,,
61,9,"salsa dance",60,,,
61,10,"salsa dance",60,,,
61,11,"salsa dance",60,,,
61,12,"salsa dance",60,,,
61,13,"salsa dance",60,,,
61,14,"salsa dance",60,,,
61,15,"salsa dance",60,,,
62,1,"bolt loosening, wrench",60,,,
62,2,"bolt tightening, wrench",60,,,
62,3,"sawing, hand saw",60,,,
62,4,"screwing",60,,,
62,5,"screwing",60,,,
62,6,"unscrewing",60,,,
62,7,"hammering a nail",60,,,
62,8,"hammering a nail",60,,,
62,9,"pulling a nail",60,,,
62,10,"hammering sequence",60,,,
62,11,"cleaning up",60,,,
62,12,"hard days drink",60,,,
62,13,"moving a stool",60,,,
62,14,"opening umbrella",60,,,
62,15,"opening umbrella",60,,,
62,16,"closing umbrella",60,,,
62,17,"opening and closing umbrella",60,,,
62,18,"closing a box",60,,,
62,19,"opening a box",60,,,
62,20,"closing, moving and opening a box",60,,,
62,21,"coiling a rope",60,,,
62,22,"dynamic calibration",60,,,
62,23,"bolt tightening",60,,,
62,24,"bolt tightening, with putting bolt in",60,,,
62,25,"bolt loosening, wrench",60,,,
63,1,"Swing",120,,,
64,1,"Swing",120,,,
64,2,"Swing",120,,,
64,3,"Swing",120,,,
64,4,"Swing",120,,,
64,5,"Swing",120,,,
64,6,"Swing",120,,,
64,7,"Swing",120,,,
64,8,"Swing",120,,,
64,9,"Swing",120,,,
64,10,"Swing",120,,,
64,11,"Putt",120,,,
64,12,"Putt",120,,,
64,13,"Putt",120,,,
64,14,"Putt",120,,,
64,15,"Putt",120,,,
64,16,"Placing Tee",120,,,
64,17,"Placing Tee",120,,,
64,18,"Placing Tee",120,,,
64,19,"Placing Tee",120,,,
64,20,"Placing Tee",120,,,
64,21,"Placing Ball",120,,,
64,22,"Placing Ball",120,,,
64,23,"Placing Ball",120,,,
64,24,"Placing Ball",120,,,
64,25,"Placing Ball",120,,,
64,26,"Picking up Ball",120,,,
64,27,"Picking up Ball",120,,,
64,28,"Picking up Ball",120,,,
64,29,"Picking up Ball",120,,,
64,30,"Picking up Ball",120,,,
69,1,"walk forward",120,,,
69,2,"walk forward",120,,,
69,3,"walk forward",120,,,
69,4,"walk forward",120,,,
69,5,"walk forward",120,,,
69,6,"walk and turn (repeated)",120,,,
69,7,"walk and turn (repeated)",120,,,
69,8,"walk and turn (repeated)",120,,,
69,9,"walk and turn (repeated)",120,,,
69,10,"walk and turn (repeated)",120,,,
69,11,"walk and turn (repeated)",120,,,
69,12,"walk and turn both directions (repeated)",120,,,
69,13,"walk, turn in place (repeated)",120,,,
69,14,"walk, turn in place (repeated)",120,,,
69,15,"walk, turn in place (repeated)",120,,,
69,16,"turn in place",120,,,
69,17,"turn in place",120,,,
69,18,"turn in place (opposite direction)",120,,,
69,19,"turn in place (opposite direction)",120,,,
69,20,"walk forward 90 degree right turn",120,,,
69,21,"walk forward 90 degree right turn",120,,,
69,22,"walk forward 90 degree right turn",120,,,
69,23,"walk forward 90 degree right turn",120,,,
69,24,"walk forward 90 degree left turn",120,,,
69,25,"walk forward 90 degree left turn",120,,,
69,26,"walk forward 90 degree left turn",120,,,
69,27,"walk forward 90 degree left turn",120,,,
69,28,"walk forward 90 degree smooth right turn",120,,,
69,29,"walk forward 90 degree smooth right turn",120,,,
69,30,"walk forward 90 degree smooth right turn",120,,,
69,31,"walk forward 90 degree smooth left turn",120,,,
69,32,"walk forward 90 degree smooth left turn",120,,,
69,33,"walk forward 90 degree smooth left turn",120,,,
69,34,"walk backwards and turn",120,,,
69,35,"walk backwards and turn",120,,,
69,36,"walk backwards and turn",120,,,
69,37,"walk backwards and turn",120,,,
69,38,"walk backwards and turn (repeated)",120,,,
69,39,"walk backward, turn in place",120,,,
69,40,"walk backward, turn in place",120,,,
69,41,"walk backward, turn in place",120,,,
69,42,"walk sideways and turn (repeated)",120,,,
69,43,"walk sideways and turn (repeated)",120,,,
69,44,"walk sideways and turn (repeated)",120,,,
69,45,"walk sideways and turn (repeated)",120,,,
69,46,"walk sideways and turn (repeated)",120,,,
69,47,"walk sideways and turn (repeated)",120,,,
69,48,"walk sideways and turn (opposite direction)",120,,,
69,49,"walk sideways and turn (opposite direction)",120,,,
69,50,"walk sideways and backwards",120,,,
69,51,"walk backwards and turn",120,,,
69,52,"walk backwards and turn",120,,,
69,53,"walk backwards and turn",120,,,
69,54,"walk backwards and turn",120,,,
69,55,"walk backwards and turn",120,,,
69,56,"walk sideways and turn (opposite direction)",120,,,
69,57,"walk sideways and turn (opposite direction)",120,,,
69,58,"walk sideways and turn (opposite direction)",120,,,
69,59,"walk sideways and turn",120,,,
69,60,"walk sideways and turn",120,,,
69,61,"walk sideways and turn",120,,,
69,62,"walk sideways and turn (opposite direction)",120,,,
69,63,"walk sideways and turn (opposite direction)",120,,,
69,64,"walk sideways and turn (opposite direction)",120,,,
69,65,"walk sideways and turn",120,,,
69,66,"walk sideways and turn",120,,,
69,67,"walk sideways and turn",120,,,
69,68,"walk forward and pick up object, set down object",120,,,
69,69,"walk forward and pick up object, carry back object",120,,,
69,70,"walk up to object, squat, pick up object, set down in another place.",120,,,
69,71,"walk up to object, squat, pick up object, set down in another place",120,,,
69,72,"walk up to object, pick up object, set down in another place",120,,,
69,73,"walk up to object, lean over, pick up object, set down in another place",120,,,
69,74,"walk up to object, lean over, pick up object, set down in another place",120,,,
69,75,"walk up to object, squat, pick up object, set down in another place",120,,,
70,1,"carry 5.5lb suitcase",120,,,
70,2,"carry 5.5lb suitcase",120,,,
70,3,"carry 19.5lb suitcase",120,,,
70,4,"carry 19.5lb suitcase",120,,,
70,5,"carry 19.5lb suitcase",120,,,
70,6,"carry 19.5lb suitcase",120,,,
70,7,"carry 19.5lb suitcase",120,,,
70,8,"carry 19.5lb suitcase",120,,,
70,9,"carry 19.5lb suitcase",120,,,
70,10,"carry 12.5lb suitcase",120,,,
70,11,"carry 12.5lb suitcase",120,,,
70,12,"carry 12.5lb suitcase",120,,,
70,13,"carry 12.5lb suitcase",120,,,
74,1,"stiff walk",60,,,
74,2,"stiff walk",60,,,
74,3,"kick",60,,,
74,4,"kick",60,,,
74,5,"kick",60,,,
74,6,"kick",60,,,
74,7,"lifting up",60,,,
74,8,"lifting up",60,,,
74,9,,60,,,
74,10,"peeping",60,,,
74,11,"peeping",60,,,
74,12,"thinker",60,,,
74,13,"Range of motion",60,,,
74,14,"slope 1",60,,,
74,15,"slope1",60,,,
74,16,"slope 2",60,,,
74,17,"slope 2",60,,,
74,18,"slope 3",60,,,
74,19,"slope 3",60,,,
74,20,"stiff walk",60,,,
75,1,"run jump",60,,,
75,2,"run jump",60,,,
75,3,"run jump",60,,,
75,4,"wide leg run",60,,,
75,5,"cross leg run",60,,,
75,6,"180 jump",60,,,
75,7,"angle jumps",60,,,
75,8,"360 jumps",60,,,
75,9,"360 jump",60,,,
75,10,"2 jump",60,,,
75,11,"2 jump",60,,,
75,12,"box jump",60,,,
75,13,"hopscotch",60,,,
75,14,"hopscotch",60,,,
75,15,"long jumps",60,,,
75,16,"jump kick",60,,,
75,17,"medium sit",60,,,
75,18,"high sit",60,,,
75,19,"medium sit",60,,,
75,20,"low sit",60,,,
76,1,"walk backwards then attack with a punch",120,,,
76,2,"walk backwards, feign a few attacks, then attack",120,,,
76,3,"avoid attacker",120,,,
76,4,"defensive guard pose",120,,,
76,5,"swatting at pesky bug",120,,,
76,6,"avoid stepping on something",120,,,
76,7,,120,,,
76,8,"careful stepping over things",120,,,
76,9,"walking backwards",120,,,
76,10,"turning",120,,,
76,11,"quick large steps backwards",120,,,
77,1,"looking around",60,,,
77,2,"standing",60,,,
77,3,"ready stance",60,,,
77,4,"Looking around",60,,,
77,5,"look around with flashlight",60,,,
77,6,"searching ground",60,,,
77,7,"poking ground",60,,,
77,8,"investigating thing on ground with two hands",60,,,
77,9,"duck to avoid flying object",60,,,
77,10,"careful run",60,,,
77,11,"careful run",60,,,
77,12,"careful run in circle",60,,,
77,13,"careful run in figure eight",60,,,
77,14,"careful creeping",60,,,
77,15,"careful creeping",60,,,
77,16,"laying down, getting up, careful ready pose",60,,,
77,17,"laying down, getting up, careful ready pose",60,,,
77,18,"laying down on back, getting up, careful ready pose",60,,,
77,19,"limping, hurt right leg",60,,,
77,20,"limping, hurt right leg",60,,,
77,21,"stretching",60,,,
77,22,"limping, hurt right leg",60,,,
77,23,"limping, hurt right leg",60,,,
77,24,"limping, hurt right leg",60,,,
77,25,"careful walk and search",60,,,
77,26,"careful walk and search",60,,,
77,27,"careful walk and search",60,,,
77,28,"careful walk",60,,,
77,29,"creeping walk",60,,,
77,30,"creeping walk",60,,,
77,31,"silent walk",60,,,
77,32,"creeping walk",60,,,
77,33,"creeping with limp",60,,,
77,34,"creep and pause, repeat",60,,,
78,1,"LeftTightTurn CleanedGRS",120,,,
78,2,"RightWideTurn CleanedGRS",120,,,
78,3,"LeftWideTurn CleanedGRS",120,,,
78,4,"SuperTightLeft CleanedGRS",120,,,
78,5,"SuperTightRight CleanedGRS",120,,,
78,6,"RunningStraight CleanedGRS",120,,,
78,7,"RunningWideRight CleanedGRS",120,,,
78,8,"RunningWideLeft CleanedGRS",120,,,
78,9,"RunningTigherLeft CleanedGRS",120,,,
78,10,"RunningTighterRight CleanedGRS",120,,,
78,11,"calibration",120,,,
78,12,"RunningNoBall CleanedGRS",120,,,
78,13,"OffensiveMoveSpinLeft CleanedGRS",120,,,
78,14,"OffensiveMoveSpinLeft CleanedGRS",120,,,
78,15,"OffensiveMoveGoRight CleanedGRS",120,,,
78,16,"OffensiveMoveGoLeft CleanedGRs",120,,,
78,17,"OffensiveMoveSpinRight CleanedGRS",120,,,
78,18,"WalkEvasiveLeft CleanedGRS",120,,,
78,19,"WalkEvasiveRight CleanedGRS",120,,,
78,20,"FeintLeftMoveRight CleanedGRS",120,,,
78,21,"FeintRightMoveLeft CleanedGRS",120,,,
78,22,"FakeShotBreakRight CleanedGRs",120,,,
78,23,"FakeShotBreakLeft CleanedGRS",120,,,
78,24,"DefensiveStraightNoStop CleanedGRS",120,,,
78,25,"DefensiveStraightWithStop CleanedGRS",120,,,
78,26,"DefensiveRightStopToStop CleanedGRS",120,,,
78,27,"DefensiveLeftStopToStop CleanedGRS",120,,,
78,28,"DefensiveMoveZigZag CleanedGRS",120,,,
78,29,"DefensiveMoveSideToSide CleanedGRS",120,,,
78,30,"DefensiveMoveSideToSide CleanedGRS",120,,,
78,31,"Pivoting CleanedGRS",120,,,
78,32,"SraightDriveFromStop Cleaned GRS",120,,,
78,33,"RightDrive (left then right) Cleaned GRS",120,,,
78,34,"LeftDrive (right then left) Cleaned GRS",120,,,
78,35,"RightTightTurn CleanedGRS",120,,,
79,1,"chopping wood",60,,,
79,2,"swimming",60,,,
79,3,"swimming",60,,,
79,4,"digging",60,,,
79,5,"sewing",60,,,
79,6,"hand shake",60,,,
79,7,"lost marker",60,,,
79,8,"boxing",60,,,
79,9,"slicing bread",60,,,
79,10,"chopping onions",60,,,
79,11,"Subject calibration",60,,,
79,12,"eating dinner",60,,,
79,13,"mixing batter",60,,,
79,14,"making dough",60,,,
79,15,"eating a sandwich",60,,,
79,16,"buying something",60,,,
79,17,"playing violin",60,,,
79,18,"playing drums",60,,,
79,19,"playing piano",60,,,
79,20,"hanging a picture",60,,,
79,21,"putting on a pull over",60,,,
79,22,"range of motion",60,,,
79,23,"putting on a jacket",60,,,
79,24,"putting on button up sweater",60,,,
79,25,"moving heavy box",60,,,
79,26,"planting a tree",60,,,
79,27,"planting a plant",60,,,
79,28,"putting on a ball cap",60,,,
79,29,"putting on a dress",60,,,
79,30,"pushing a swing",60,,,
79,31,"writing on a chalkboard",60,,,
79,32,"writing on a chalkboard",60,,,
79,33,"chug a beer",60,,,
79,34,"fishing",60,,,
79,35,"fishing",60,,,
79,36,"answering the phone",60,,,
79,37,"dialing phone",60,,,
79,38,"drinking water",60,,,
79,39,"sipping martinee",60,,,
79,40,"drinking a soda",60,,,
79,41,"sipping coffee",60,,,
79,42,"eating soup",60,,,
79,43,"painting",60,,,
79,44,"washing a window",60,,,
79,45,"bear",60,,,
79,46,"bear",60,,,
79,47,"chicken",60,,,
79,48,"elephant",60,,,
79,49,"monkey",60,,,
79,50,"mouse",60,,,
79,51,"chipmunk",60,,,
79,52,"prairie dog",60,,,
79,53,"dog",60,,,
79,54,"snake",60,,,
79,55,"sweeping",60,,,
79,56,"T-rex",60,,,
79,57,"fish",60,,,
79,58,"bird",60,,,
79,59,"cat",60,,,
79,60,"chicken",60,,,
79,61,"cow",60,,,
79,62,"chicken",60,,,
79,63,"tiger",60,,,
79,64,"penguin",60,,,
79,65,"horse",60,,,
79,66,"movie and trial dont match",60,,,
79,67,"no movie",60,,,
79,68,"cold",60,,,
79,69,"very happy",60,,,
79,70,"laughing",60,,,
79,71,"sad",60,,,
79,72,"crying",60,,,
79,73,"scared",60,,,
79,74,"upset",60,,,
79,75,"channel surfing",60,,,
79,76,"driving",60,,,
79,77,"vacuuming",60,,,
79,78,"taking a movie",60,,,
79,79,"putting on headphones",60,,,
79,80,"using a palm pilot",60,,,
79,81,"brushing teeth",60,,,
79,82,"putting on deoderant",60,,,
79,83,"shaving",60,,,
79,84,"combing hair",60,,,
79,85,"typing on a laptop",60,,,
79,86,"shooting bow and arrow",60,,,
79,87,"raking",60,,,
79,88,"swatting at a fly",60,,,
79,89,"holding a baby",60,,,
79,90,"washing",60,,,
79,91,"football",60,,,
79,92,"frisbee",60,,,
79,93,"weight lifting",60,,,
79,94,"flexing",60,,,
79,95,"rowing",60,,,
79,96,"shooting a gun",60,,,
80,1,"shaking hands",60,,,
80,2,"chopping onions",60,,,
80,3,"shooting a gun",60,,,
80,4,"sewing",60,,,
80,5,"digging a hole",60,,,
80,6,"paying for something",60,,,
80,7,"hanging picture",60,,,
80,8,"picking up something",60,,,
80,9,"planting a flower",60,,,
80,10,"boxing",60,,,
80,11,"putting on a sweater",60,,,
80,12,"fishing",60,,,
80,13,"drumming",60,,,
80,14,"teaching",60,,,
80,15,"putting on a coat",60,,,
80,16,"mixing batter",60,,,
80,17,"hand mixing dough",60,,,
80,18,"vacuuming",60,,,
80,19,"pushing broom",60,,,
80,20,"planting",60,,,
80,21,"pushing swing",60,,,
80,22,"putting on a hat",60,,,
80,23,"putting on a skirt",60,,,
80,24,"eating",60,,,
80,25,"answering a phone",60,,,
80,26,"dialing phone",60,,,
80,27,"setting glass of water",60,,,
80,28,"drinking and smoking",60,,,
80,29,"chugging",60,,,
80,30,"range of motion",60,,,
80,31,"making coffee",60,,,
80,32,"slicing",60,,,
80,33,"eating soup",60,,,
80,34,"rake leaves",60,,,
80,35,"putting on headphones",60,,,
80,36,"violin",60,,,
80,37,"TV",60,,,
80,38,"driving",60,,,
80,39,,60,,,
80,40,"drinking from bottle",60,,,
80,41,"freezing",60,,,
80,42,"freezing",60,,,
80,43,"happy",60,,,
80,44,"laughing",60,,,
80,45,"crying",60,,,
80,46,"crying",60,,,
80,47,,60,,,
80,48,"arguing",60,,,
80,49,"gorilla",60,,,
80,50,"cleaning window",60,,,
80,51,"chicken",60,,,
80,52,"dog",60,,,
80,53,"elephant",60,,,
80,54,"monkey",60,,,
80,55,"mouse",60,,,
80,56,"chip monk",60,,,
80,57,"prairie dog",60,,,
80,58,"snake",60,,,
80,59,"panther",60,,,
80,60,,60,,,
80,61,"sweeping",60,,,
80,62,"bird",60,,,
80,63,"chicken",60,,,
80,64,"cat",60,,,
80,65,"fish",60,,,
80,66,,60,,,
80,67,,60,,,
80,68,,60,,,
80,69,"painting",60,,,
80,70,"piano",60,,,
80,71,"chopping wood",60,,,
80,72,"swimming",60,,,
80,73,"shaking hands",60,,,
81,1,"fix hair and walk forward",120,,,
81,2,"walk forward",120,,,
81,3,"walk",120,,,
81,4,"walk at a brisk pace",120,,,
81,5,"push heavy object",120,,,
81,6,"push heavy box",120,,,
81,7,"pull heavy object",120,,,
81,8,"drag heavy object",120,,,
81,9,"drag heavy object",120,,,
81,10,"push object that is high in air",120,,,
81,11,"push object that is high in air",120,,,
81,12,"jump backwards off ledge",120,,,
81,13,"jump backwards off ledge",120,,,
81,14,"climb backwards off ledge",120,,,
81,15,"climb backwards off ledge",120,,,
81,16,,120,,,
81,17,"walk forward",120,,,
81,18,"adjust hair walk forward",120,,,
82,1,"Static pose",120,,,
82,2,"Jump off ledge",120,,,
82,3,"Jump off ledge",120,,,
82,4,"Jump off ledge",120,,,
82,5,"sitting on ground relaxing",120,,,
82,6,"Pushing on heavy object",120,,,
82,7,"Pushing on heavy object",120,,,
82,8,"stand still; casual walk forward",120,,,
82,9,"confident walk forward",120,,,
82,10,"sad walk forward",120,,,
82,11,"normal walk forward",120,,,
82,12,"happy or fast walk forward",120,,,
82,13,"normal walk forward",120,,,
82,14,"walk forward and slow down",120,,,
82,15,"walk forward and turn sideways",120,,,
82,16,"bang on high object",120,,,
82,17,"bang on high object",120,,,
82,18,"static pose",120,,,
83,1,"large sidestep to right",120,,,
83,2,"sidestep to the right and up a ledge",120,,,
83,3,"large step to a short ledge",120,,,
83,4,"large sidestep to right",120,,,
83,5,"very large sidestep to right",120,,,
83,6,"very large sidestep to right and down",120,,,
83,7,"short sidestep to right and down",120,,,
83,8,"medium step forward and down",120,,,
83,9,"short step forward and down",120,,,
83,10,"medium step forward and down",120,,,
83,11,"static pose",120,,,
83,12,"medium sidestep to right and down",120,,,
83,13,"large sidestep to right",120,,,
83,14,"short sidestep to left and down",120,,,
83,15,"short step forward",120,,,
83,16,"medium sidestep to left and down",120,,,
83,17,"medium step to left and down",120,,,
83,18,"short step to left and forward",120,,,
83,19,"medium sidestep to left",120,,,
83,20,"medium step forward",120,,,
83,21,"large step to left and forward",120,,,
83,22,"stretching",120,,,
83,23,"short sidestep to left and up",120,,,
83,24,"medium step to left and up",120,,,
83,25,"short step forward and up",120,,,
83,26,"medium step to left, forward, and up",120,,,
83,27,"walk forward stepping up stairs",120,,,
83,28,"walk forward stepping up stairs",120,,,
83,29,"walk forward stepping up stairs",120,,,
83,30,"walk forward stepping up stairs",120,,,
83,31,"walk forward stepping up stairs",120,,,
83,32,"walk forward stepping up stairs",120,,,
83,33,"sidestep to right then back to left",120,,,
83,34,"walk forward and up stairs",120,,,
83,35,"walk forward and stepping up stairs",120,,,
83,36,"walk forward turn 90 degrees left walk forward",120,,,
83,37,"walk forward turn 90 degrees right walk forward",120,,,
83,38,"walk forward turn 90 degrees left walk forward",120,,,
83,39,"walk forward turn 90 degrees right walk forward",120,,,
83,40,"hop forward",120,,,
83,41,"hop forward",120,,,
83,42,"long jump forward",120,,,
83,43,"long jump forward",120,,,
83,44,"medium step forward",120,,,
83,45,"hop forward",120,,,
83,46,"medium hop forward",120,,,
83,47,"long jump forward",120,,,
83,48,"short hop forward",120,,,
83,49,"medium hop forward",120,,,
83,50,"long jump forward",120,,,
83,51,"hop turn 90 degrees left in air",120,,,
83,52,"hop turn 90 degrees left in air",120,,,
83,53,"hop turn 90 degrees left in air",120,,,
83,54,"hop turn 180 degrees left in air",120,,,
83,55,"medium sidestep to right",120,,,
83,56,"hop turn left 180 degrees in air",120,,,
83,57,"hop turn left 180 degrees in air",120,,,
83,58,"hop turn left 270 degrees in air",120,,,
83,59,"hop turn left 270 degrees in air",120,,,
83,60,"hop turn left 270 degrees in air",120,,,
83,61,"hop turn 360 degrees left in air",120,,,
83,62,"hop turn left 360 degrees in air",120,,,
83,63,"large sidestep to right and forward",120,,,
83,64,"hop and turn right 360 degrees in air",120,,,
83,65,"hop and turn right 360 degrees in air",120,,,
83,66,"short sidestep to right",120,,,
83,67,"short sidestep to the right",120,,,
83,68,"medium sidestep to right",120,,,
85,1,"JumpTwist",120,,,
85,2,"JumpTwist",120,,,
85,3,"UpRightSequence",120,,,
85,4,"FancyFootWork",120,,,
85,5,"HandStandKicks",120,,,
85,6,"KickFlip",120,,,
85,7,"KickFlipStumble",120,,,
85,8,"Helicopter",120,,,
85,9,"motorcycle pose",120,,,
85,10,"EndofBreakDance",120,,,
85,11,"UpRightSequence",120,,,
85,12,"LongSequenceGood",120,,,
85,13,"BadStartSequnce",120,,,
85,14,"BreakSequencewithFlips",120,,,
85,15,"90TwistsFall",120,,,
86,1,"jumps kicks and punches",120,,,
86,2,"walk, squats, run, stretch, jumps, punches, and drinking",120,,,
86,3,"walking, running, jumping, kicking, and stretching",120,,,
86,4,"walking, stretching, punching, chopping, and drinking",120,,,
86,5,"walking, jumping, jumping jacks, jumping on one foot, punching, chopping,",120,,,
86,6,"walking, running, kicking, punching, knee kicking, and stretching",120,,,
86,7,"walking, swinging arms, stretching, jumping on one leg, and jumping",120,,,
86,8,"walking, squats, stretching, kicking, and punching",120,,,
86,9,"walking, sitting, looking, stand up",120,,,
86,10,"walk around, sit, stand up, and running",120,,,
86,11,"walking, stretching, walking and turning",120,,,
86,12,"walking, dragging, sweeping, dustpan, wipe window, and wipe mirror",120,,,
86,13,"walking around, walk up ladder, step down ladder",120,,,
86,14,"bouncing basketball, shooting basketball, dribble basketball, two handed dribble",120,,,
86,15,"walking, sitting, hand motions",120,,,
87,1,"Jump with kick and spin",60,,,
87,2,"T-Pose",60,,,
87,3,"Backflip",60,,,
87,4,"backflip",60,,,
87,5,"cartwheels",60,,,
88,1,"backflip",60,,,
88,2,"backflips, jump onto platform, handstands, vertical pushups",60,,,
88,3,"motorcycle pose",60,,,
88,4,"stretches, cartwheels, flips, spin kicks, spins, and fall",60,,,
88,5,"cartwheel into backflip",60,,,
88,6,"jump and spin kick",60,,,
88,7,"cartwheel",60,,,
88,8,"crouch and flip backward on hands",60,,,
88,9,"stretch and cartwheel",60,,,
88,10,"stretch and spin",60,,,
88,11,"stretches and jumps",60,,,
89,1,"balance object on forehead",60,,,
89,2,"motorcycle pose",60,,,
89,3,"flip and stand on one hand",60,,,
89,4,"spins, flips, stand on one hand",60,,,
89,5,"spin upside down, handstand, flips",60,,,
89,6,"balance beam",60,,,
90,1,"bkwd summersult",120,,,
90,2,"cartwheel",120,,,
90,3,"cartwheel",120,,,
90,4,"cartwheel",120,,,
90,5,"jump kick",120,,,
90,6,"jump kick",120,,,
90,7,"jump kick",120,,,
90,8,"side flip",120,,,
90,9,"Flip forward onto hands and back again",120,,,
90,10,,120,,,
90,11,"hand spring",120,,,
90,12,"bck flp twst fall",120,,,
90,13,"bck flp twst fall",120,,,
90,14,"front hand flip",120,,,
90,15,"front hand flip",120,,,
90,16,"fall on face",120,,,
90,17,"BannanaPeelSlip",120,,,
90,18,"RugPullFall",120,,,
90,19,"monkey backflip",120,,,
90,20,"monkey sequence",120,,,
90,21,"monkey sequence",120,,,
90,22,"straight walk",120,,,
90,23,"straight walk",120,,,
90,24,"ball mount",120,,,
90,25,"fwd ball walk",120,,,
90,26,"fwd ball walk",120,,,
90,27,"bwk ball walk",120,,,
90,28,"breakdance",120,,,
90,29,"sequesnce",120,,,
90,30,"russian dance",120,,,
90,31,"russian dance",120,,,
90,32,"moonwalk",120,,,
90,33,"arm up wide leg roll",120,,,
90,34,"wide leg roll",120,,,
90,35,"wide leg roll",120,,,
90,36,"wide leg roll",120,,,
91,1,"Walk digital figure eight",120,,,
91,2,"WalkStraight",120,,,
91,3,"Walk figure eight",120,,,
91,4,"Walking",120,,,
91,5,"Mummy Walk",120,,,
91,6,"Motorcycle Pose",120,,,
91,7,"mummy8",120,,,
91,8,"mummyDigital8",120,,,
91,9,"DrunkWalk",120,,,
91,10,"SlowWalk",120,,,
91,11,"LavishWalk",120,,,
91,12,"TooCoolWalk",120,,,
91,13,"SadWalk",120,,,
91,14,"DepressedWalk",120,,,
91,15,"ClumsyWalk",120,,,
91,16,"Limp",120,,,
91,17,"QuickWalk",120,,,
91,18,"CarefulWalk LookingAround",120,,,
91,19,"March",120,,,
91,20,"ShyWalk",120,,,
91,21,"acheyWalk",120,,,
91,22,"CasualQuickWalk",120,,,
91,23,"CoolWalk",120,,,
91,24,"HurtLegWalk",120,,,
91,25,"DragBadLegWalk",120,,,
91,26,"HurtStomachWalk",120,,,
91,27,"SlowWalk",120,,,
91,28,"GhettoWalk",120,,,
91,29,"NormalWalk",120,,,
91,30,"SexyWalk",120,,,
91,31,"NormalWalk",120,,,
91,32,"ScaredWalk",120,,,
91,33,"MachoWalk",120,,,
91,34,"NormalWalk",120,,,
91,35,"TrafficWalk",120,,,
91,36,"WalkStraight",120,,,
91,37,"Forward",120,,,
91,38,"SmallForward",120,,,
91,39,"JumpForward",120,,,
91,40,"JumpForward",120,,,
91,41,"JumpForward",120,,,
91,42,"JumpForward",120,,,
91,43,"JumpSmallForward",120,,,
91,44,"JumpSmallForward",120,,,
91,45,"JumpForward",120,,,
91,46,"Jump Turn",120,,,
91,47,"Jump Turn",120,,,
91,48,"JumpTurn",120,,,
91,49,"Jump Turn",120,,,
91,50,"JumpTurn",120,,,
91,51,"FurtherJumpTurn",120,,,
91,52,"SmallJumpTurn",120,,,
91,53,"180 degree jump",120,,,
91,54,180,120,,,
91,55,180,120,,,
91,56,90,120,,,
91,57,"WalkForward",120,,,
91,58,270,120,,,
91,59,"360 smallStumble",120,,,
91,60,360,120,,,
91,61,360,120,,,
91,62,"walkFigure8",120,,,
93,1,"Motorcycle Pose",120,,,
93,2,"rangeOfMotion",120,,,
93,3,"charleston_01",120,,,
93,4,"charleston_side_by_side_female",120,,,
93,5,"charleston_side_by_side_male",120,,,
93,6,"lindyHop2",120,,,
93,7,"Casual Walk",120,,,
93,8,"xtra fancY charleston",120,,,
94,1,,120,,,
94,2,,120,,,
94,3,,120,,,
94,4,,120,,,
94,5,,120,,,
94,6,,120,,,
94,7,,120,,,
94,8,,120,,,
94,9,,120,,,
94,10,,120,,,
94,11,,120,,,
94,12,,120,,,
94,13,,120,,,
94,14,,120,,,
94,15,,120,,,
94,16,,120,,,
102,1,"RightWideTurn",120,,,
102,2,"LeftWideTurn",120,,,
102,3,"SuperTightLeft",120,,,
102,4,"SuperTightRight",120,,,
102,5,"RunningStraight",120,,,
102,6,"RunningWideRight",120,,,
102,7,"RunningWideLeft",120,,,
102,8,"RunningTighterRight",120,,,
102,9,"calibration",120,,,
102,10,"RunningNoBall",120,,,
102,11,"OffensiveMoveSpinLeft",120,,,
102,12,"OffensiveMoveSpinLeft",120,,,
102,13,"OffensiveMoveGoRight",120,,,
102,14,"OffensiveMoveGoLeft",120,,,
102,15,"OffensiveMoveSpinRight",120,,,
102,16,"WalkEvasiveLeft",120,,,
102,17,"WalkEvasiveRight",120,,,
102,18,"FeintLeftMoveRight",120,,,
102,19,"FeintRightMoveLeft",120,,,
102,20,"FakeShotBreakRight",120,,,
102,21,"FakeShotBreakLeft",120,,,
102,22,"DefensiveStraightNoStop",120,,,
102,23,"DefensiveStraightWithStop",120,,,
102,24,"DefensiveRightStopToStop",120,,,
102,25,"DefensiveLeftStopToStop",120,,,
102,26,"DefensiveMoveZigZag",120,,,
102,27,"DefensiveMoveSideToSide",120,,,
102,28,"DefensiveMoveSideToSide",120,,,
102,29,"Pivoting",120,,,
102,30,"SraightDriveFromStop",120,,,
102,31,"RightDrive (left then right)",120,,,
102,32,"LeftDrive (right then left)",120,,,
102,33,"RightTightTurn",120,,,
103,1,,120,,,
103,2,"rangeOfMotion_01",120,,,
103,3,"charleston_01",120,,,
103,4,"charleston_side_by_side_female",120,,,
103,5,"charleston_side_by_side_male",120,,,
103,6,"lindyHop2",120,,,
103,7,"Casual Walk",120,,,
103,8,"xtra fancY charleston",120,,,
104,1,"JogThrough",120,,,
104,2,"neutral Male walk, exact footfalls",120,,,
104,3,"Frankenstein male walk, exact footfalls",120,,,
104,4,"JogThrough",120,,,
104,5,,120,,,
104,6,"StartJog",120,,,
104,7,,120,,,
104,8,"StartJog",120,,,
104,9,"JogStop",120,,,
104,10,"JogStop",120,,,
104,11,"HappyGoLuckWalk",120,,,
104,12,"ExcitedWalk",120,,,
104,13,"StumbleWalk",120,,,
104,14,"HappyStartWalk",120,,,
104,15,,120,,,
104,16,"SpasticWalk",120,,,
104,17,"SpasticStop",120,,,
104,18,"SpasticStop",120,,,
104,19,"CasualWalk",120,,,
104,20,,120,,,
104,21,,120,,,
104,22,"RegularWalk8",120,,,
104,23,,120,,,
104,24,,120,,,
104,25,,120,,,
104,26,,120,,,
104,27,"RegularWalkRightAngleTurns",120,,,
104,28,"SternWalk",120,,,
104,29,"SternWalk",120,,,
104,30,"SternWalk8",120,,,
104,31,,120,,,
104,32,"SternWalkRightAngleTurns",120,,,
104,33,,120,,,
104,34,,120,,,
104,35,"SlowWalk",120,,,
104,36,"SlowWalk8",120,,,
104,37,"RunThrough",120,,,
104,38,,120,,,
104,39,"SlowWalkRightAngleTurns",120,,,
104,40,,120,,,
104,41,"ZombieWalk",120,,,
104,42,"ZombieWalk8",120,,,
104,43,"ZombieWalkRightAngleTurns",120,,,
104,44,"AttitudeWalk",120,,,
104,45,"AttitudeWalk8",120,,,
104,46,"AttitudeWalkRightAngleTurns",120,,,
104,47,,120,,,
104,48,"RunThrough",120,,,
104,49,,120,,,
104,50,,120,,,
104,51,,120,,,
104,52,,120,,,
104,53,"StartRun",120,,,
104,54,"StartRun",120,,,
104,55,"StartRun",120,,,
104,56,"RunStop",120,,,
104,57,"RunStop",120,,,
105,1,"WalkDigital8",120,,,
105,2,"WalkStraight",120,,,
105,3,"Walk8",120,,,
105,4,"Digital8",120,,,
105,5,"mummyWalk",120,,,
105,6,"MotorCyclePose",120,,,
105,7,"mummy8",120,,,
105,8,"mummyDigital8",120,,,
105,9,"DrunkWalk",120,,,
105,10,"SlowWalk",120,,,
105,11,"LavishWalk",120,,,
105,12,"TooCoolWalk",120,,,
105,13,"SadWalk",120,,,
105,14,"DepressedWalk",120,,,
105,15,"ClumsyWalk",120,,,
105,16,"Limp",120,,,
105,17,"QuickWalk",120,,,
105,18,"CarefulWalk LookingAround",120,,,
105,19,"March",120,,,
105,20,"ShyWalk",120,,,
105,21,"acheyWalk",120,,,
105,22,"CasualQuickWalk",120,,,
105,23,"CoolWalk",120,,,
105,24,"HurtLegWalk",120,,,
105,25,"DragBadLegWalk",120,,,
105,26,"HurtStomachWalk",120,,,
105,27,"SlowWalk",120,,,
105,28,"GhettoWalk",120,,,
105,29,"NormalWalk",120,,,
105,30,"SexyWalk",120,,,
105,31,"NormalWalk",120,,,
105,32,"ScaredWalk",120,,,
105,33,"MachoWalk",120,,,
105,34,"NormalWalk",120,,,
105,35,"TrafficWalk",120,,,
105,36,"WalkStraight",120,,,
105,37,"Forward",120,,,
105,38,"SmallForward",120,,,
105,39,"JumpForward",120,,,
105,40,"JumpForward",120,,,
105,41,"JumpForward",120,,,
105,42,"JumpForward",120,,,
105,43,"JumpSmallForward",120,,,
105,44,"JumpSmallForward",120,,,
105,45,"JumpForward",120,,,
105,46,"Jump Turn",120,,,
105,47,"Jump Turn",120,,,
105,48,"JumpTurn",120,,,
105,49,"Jump Turn",120,,,
105,50,"JumpTurn",120,,,
105,51,"FurtherJumpTurn",120,,,
105,52,"SmallJumpTurn",120,,,
105,53,180,120,,,
105,54,180,120,,,
105,55,180,120,,,
105,56,90,120,,,
105,57,"WalkForward",120,,,
105,58,270,120,,,
105,59,"360 smallStumble",120,,,
105,60,360,120,,,
105,61,360,120,,,
105,62,"walkFigure8",120,,,
106,1,"clean",120,,,
106,2,"clean",120,,,
106,3,"clean",120,,,
106,4,"clean",120,,,
106,5,"clean",120,,,
106,6,"clean",120,,,
106,7,"clean",120,,,
106,8,"clean",120,,,
106,9,"clean",120,,,
106,10,"clean",120,,,
106,11,"clean",120,,,
106,12,"clean",120,,,
106,13,"clean",120,,,
106,14,"clean",120,,,
106,15,,120,,,
106,16,"clean",120,,,
106,17,"clean",120,,,
106,18,"clean",120,,,
106,19,"clean",120,,,
106,20,"clean",120,,,
106,21,"bad AMC",120,,,
106,22,"clean",120,,,
106,23,"clean",120,,,
106,24,"clean",120,,,
106,25,"clean",120,,,
106,26,"clean",120,,,
106,27,"clean",120,,,
106,28,"clean",120,,,
106,29,"clean",120,,,
106,30,"clean",120,,,
106,31,"clean",120,,,
106,32,"clean",120,,,
106,33,"clean",120,,,
106,34,"clean",120,,,
107,1,,120,,,
107,2,,120,,,
107,3,,120,,,
107,4,,120,,,
107,5,,120,,,
107,6,,120,,,
107,7,,120,,,
107,8,,120,,,
107,9,,120,,,
107,10,,120,,,
107,11,,120,,,
107,12,,120,,,
107,13,,120,,,
107,14,,120,,,
108,1,,120,,,
108,2,,120,,,
108,3,,120,,,
108,4,,120,,,
108,5,,120,,,
108,6,,120,,,
108,7,,120,,,
108,8,,120,,,
108,9,,120,,,
108,10,,120,,,
108,11,,120,,,
108,12,,120,,,
108,13,,120,,,
108,14,,120,,,
108,15,,120,,,
108,16,,120,,,
108,17,,120,,,
108,18,,120,,,
108,19,,120,,,
108,20,,120,,,
108,21,,120,,,
108,22,,120,,,
108,23,,120,,,
108,24,,120,,,
108,25,,120,,,
108,26,,120,,,
108,27,,120,,,
108,28,,120,,,
111,1,"Walk backwards",120,,,
111,2,"Bow",120,,,
111,3,"Crawling",120,,,
111,4,"Curtsey",120,,,
111,5,"Dance",120,,,
111,6,"Get up from floor",120,,,
111,7,"Get up from floor",120,,,
111,8,"Get up from floor",120,,,
111,9,"Get up from chair",120,,,
111,10,"get up from chair",120,,,
111,11,"get up from chair",120,,,
111,12,"Lay down",120,,,
111,13,"March",120,,,
111,14,"Mope",120,,,
111,15,"Motorcycle",120,,,
111,16,"Peekaboo",120,,,
111,17,"Pick up",120,,,
111,18,"Pick up",120,,,
111,19,"Punch Kick",120,,,
111,20,"Ring around the rosie",120,,,
111,21,"Roll over",120,,,
111,22,"Range of motion",120,,,
111,23,"Run",120,,,
111,24,"Run",120,,,
111,25,"Shrug",120,,,
111,26,"Walk sideways",120,,,
111,27,"Walking up stairs",120,,,
111,28,"Standing still",120,,,
111,29,"Stepping over",120,,,
111,30,"Stepping over",120,,,
111,31,"Stepping up / stepping down",120,,,
111,32,"Stretch and yawn",120,,,
111,33,"Throwing",120,,,
111,34,"Walk",120,,,
111,35,"Walk",120,,,
111,36,"Walk and carry",120,,,
111,37,"Wave",120,,,
111,38,"Yoga",120,,,
111,39,"Yoga",120,,,
111,40,"Yoga",120,,,
111,41,"Yoga",120,,,
113,1,"Walk backwards",120,,,
113,2,"Bow",120,,,
113,3,"Curtsey",120,,,
113,4,"Dance",120,,,
113,5,"Walk digital 8",120,,,
113,6,"Walk figure 8",120,,,
113,7,"Run",120,,,
113,8,"Lay down and get up",120,,,
113,9,"March",120,,,
113,10,"Walk, mope around",120,,,
113,11,"Motorcycle",120,,,
113,12,"Peekaboo",120,,,
113,13,"Punch and kick",120,,,
113,14,"Ring around the rosie",120,,,
113,15,"Sit in chair and get up",120,,,
113,16,"Shrug",120,,,
113,17,"Walk sideway",120,,,
113,18,"Walk sideways",120,,,
113,19,"Walking up and down stairs",120,,,
113,20,"Walk up and down stairs",120,,,
113,21,"Standing Still",120,,,
113,22,"Step over",120,,,
113,23,"Stretch and yawn",120,,,
113,24,"Throw",120,,,
113,25,"Walk",120,,,
113,26,"Walk and carry",120,,,
113,27,"Wave",120,,,
113,28,"Yoga",120,,,
113,29,"Yoga",120,,,
114,1,"Motorcycle",120,,,
114,2,"Getting up from laying down",120,,,
114,3,"Range of motion",120,,,
114,4,"Getting up from chair",120,,,
114,5,"Sitting in chair",120,,,
114,6,"Getting up from chair",120,,,
114,7,"Walking up and down stairs",120,,,
114,8,"Walking up and down stairs",120,,,
114,9,"Walking up and down stairs",120,,,
114,10,"Stretching",120,,,
114,11,"Laying down and getting up",120,,,
114,12,"Stretching",120,,,
114,13,"Walk",120,,,
114,14,"Walk",120,,,
114,15,"Walk",120,,,
114,16,"Sit down and stretch",120,,,
115,1,"Pick up box, bend from waist",120,,,
115,2,"Pick box up, bend from waist",120,,,
115,3,"Pick box up, bend from waist",120,,,
115,4,"Pick box up, bend from waist",120,,,
115,5,"Pick box up, bend from waist",120,,,
115,6,"Picking box up, bending knees",120,,,
115,7,"Picking box up, bending knees",120,,,
115,8,"Picking box up, bending knees",120,,,
115,9,"Picking box up, bending knees",120,,,
115,10,"Pick box up, bend from waist",120,,,
118,1,"Jump",120,,,
118,2,"Jump",120,,,
118,3,"Jump",120,,,
118,4,"Jump",120,,,
118,5,"Jump",120,,,
118,6,"Jump",120,,,
118,7,"Jump",120,,,
118,8,"Jump",120,,,
118,9,"Jump",120,,,
118,10,"Jump",120,,,
118,11,"Jump",120,,,
118,12,"Jump",120,,,
118,13,"Jump",120,,,
118,14,"Jump",120,,,
118,15,"Jump",120,,,
118,16,"Jump",120,,,
118,17,"Jump",120,,,
118,18,"Jump",120,,,
118,19,"Jump",120,,,
118,20,"Jump",120,,,
118,21,"Jump",120,,,
118,22,"Jump",120,,,
118,23,"Jump",120,,,
118,24,"Jump",120,,,
118,25,"Jump",120,,,
118,26,"Jump",120,,,
118,27,"Jump",120,,,
118,28,"Jump",120,,,
118,29,"Jump",120,,,
118,30,"Jump",120,,,
118,31,"Motorcycle",120,,,
118,32,"Range of motion",120,,,
120,1,"Alien Turn",120,,,
120,2,"Gorilla",120,,,
120,3,"Mickey cast spell",120,,,
120,4,"Mickey Conducting",120,,,
120,5,"Mickey Dance",120,,,
120,6,"Mickey Dance",120,,,
120,7,"Mickey Dance",120,,,
120,8,"Mickey sneaky walk",120,,,
120,9,"Mickey sneaking walk",120,,,
120,10,"Mickey sneaking walk",120,,,
120,11,"Mickey sneaking walk",120,,,
120,12,"Mickey sneaking walk",120,,,
120,13,"Mickey sneaking walk",120,,,
120,14,"Mickey sneaking walk",120,,,
120,15,"Mickey Surprised",120,,,
120,16,"Mickey Surprised",120,,,
120,17,"Mickey Walk",120,,,
120,18,"Mickey Walk",120,,,
120,19,"Walk slow",120,,,
120,20,"Walk",120,,,
120,21,"Robot",120,,,
120,22,"Zombie",120,,,
122,1,"clean",120,,,
122,2,"clean",120,,,
122,3,"clean",120,,,
122,4,"clean",120,,,
122,5,"clean",120,,,
122,6,"clean",120,,,
122,7,"clean",120,,,
122,8,"clean",120,,,
122,9,"clean",120,,,
122,10,"clean",120,,,
122,11,,120,,,
122,12,"clean",120,,,
122,13,"clean",120,,,
122,14,"clean",120,,,
122,15,"clean",120,,,
122,16,"clean",120,,,
122,17,"clean",120,,,
122,18,"clean",120,,,
122,19,"clean",120,,,
122,20,"clean",120,,,
122,21,"clean",120,,,
122,22,"clean",120,,,
122,23,"clean",120,,,
122,24,"clean",120,,,
122,25,"clean",120,,,
122,26,"clean",120,,,
122,27,"clean",120,,,
122,28,"clean",120,,,
122,29,"clean",120,,,
122,30,"clean",120,,,
122,31,"clean",120,,,
122,32,"clean",120,,,
122,33,"clean",120,,,
122,34,"clean",120,,,
122,35,"clean",120,,,
122,36,"clean",120,,,
122,37,"clean",120,,,
122,38,"clean",120,,,
122,39,"clean",120,,,
122,40,"clean",120,,,
122,41,"clean",120,,,
122,42,"clean",120,,,
122,43,"clean",120,,,
122,44,"clean",120,,,
122,45,"clean",120,,,
122,46,"clean",120,,,
122,47,"clean",120,,,
122,48,"clean",120,,,
122,49,"clean",120,,,
122,50,"clean",120,,,
122,51,"clean",120,,,
122,52,"clean",120,,,
122,53,"clean",120,,,
122,54,"clean",120,,,
122,55,"clean",120,,,
122,56,"clean",120,,,
122,57,"clean",120,,,
122,58,"cleaned",120,,,
122,59,"clean",120,,,
122,60,"clean",120,,,
122,61,"clean",120,,,
122,62,"clean",120,,,
122,63,"clean",120,,,
122,64,"clean",120,,,
122,65,"clean",120,,,
122,66,"clean",120,,,
122,67,"clean",120,,,
122,68,"clean",120,,,
123,1,"15.5 lbs",120,,,
123,2,"15.5 lbs",120,,,
123,3,"19.5lb",120,,,
123,4,"19.5 lbs",120,,,
123,5,"19.5 lbs",120,,,
123,6,"19.5 lbs",120,,,
123,7,"12.5lb",120,,,
123,8,"12.5 lbs",120,,,
123,9,"12.5 lbs",120,,,
123,10,"12.5lb",120,,,
123,11,"15.5 lbs",120,,,
123,12,"15.5 lbs",120,,,
123,13,"15.5 lbs",120,,,
124,1,"Baseball Pitch",120,,,
124,2,"Baseball Pitch",120,,,
124,3,"Basketball Shoot",120,,,
124,4,"Basketball Free Throw",120,,,
124,5,"Basketball Jump Shot",120,,,
124,6,"Basketball Lay Up",120,,,
124,7,"Baseball Swing",120,,,
124,8,"Baseball Bunt",120,,,
124,9,"Frisbee",120,,,
124,10,"Motorcycle",120,,,
124,11,"2 Foot Jump",120,,,
124,12,"Underhand Toss",120,,,
124,13,"Underhand Fast Pitch",120,,,
125,1,"Breast Stroke",120,,,
125,2,"Breast Stroke",120,,,
125,3,"Break Stroke",120,,,
125,4,"Breast Stroke",120,,,
125,5,"Butterfly",120,,,
125,6,"Free Style",120,,,
125,7,"Motorcycle",120,,,
126,1,"Back Stroke",120,,,
126,2,"Back Stroke",120,,,
126,3,"Breast Stroke",120,,,
126,4,"Breast Stroke",120,,,
126,5,"Breast Stroke",120,,,
126,6,"Fly Stroke",120,,,
126,7,"Fly Stroke",120,,,
126,8,"Fly Stroke",120,,,
126,9,"Fly Stroke",120,,,
126,10,"Free Style",120,,,
126,11,"Free Style",120,,,
126,12,"Free Style",120,,,
126,13,"Motorcycle",120,,,
126,14,"Range of Motion",120,,,
127,1,"Motorcycle",120,,,
127,2,"Range of Motion",120,,,
127,3,"Run",120,,,
127,4,"Walk to Run",120,,,
127,5,"Run to Quick Stop",120,,,
127,6,"Run",120,,,
127,7,"Run",120,,,
127,8,"Run",120,,,
127,9,"Run Right",120,,,
127,10,"Run Right",120,,,
127,11,"Run Left",120,,,
127,12,"Run Left",120,,,
127,13,"Run Side Step Left",120,,,
127,14,"Run Side Step Right",120,,,
127,15,"Run Turn Left",120,,,
127,16,"Run Turn Right",120,,,
127,17,"Run Stop Run",120,,,
127,18,"Run Stop Run",120,,,
127,19,"Run Quick Stop Run",120,,,
127,20,"Run Quick Stop Run",120,,,
127,21,"Run Jump Stop Run",120,,,
127,22,"Run Jump Stop Run",120,,,
127,23,"Run Dive Over Roll Run",120,,,
127,24,"Run Dive Over Roll Run",120,,,
127,25,"Run Jump Over",120,,,
127,26,"Run Jump Over",120,,,
127,27,"Run Jump Over",120,,,
127,28,"Run Jump Over",120,,,
127,29,"Run Duck Underneath",120,,,
127,30,"Run Duck Underneath",120,,,
127,31,"Run Duck Underneath",120,,,
127,32,"Run Duck Underneath",120,,,
127,33,"Run Over",120,,,
127,34,"Run Over",120,,,
127,35,"Run Over",120,,,
127,36,"Run Over",120,,,
127,37,"Run Duck Underneath",120,,,
127,38,"Run Duck Underneath",120,,,
128,1,"Motorcycle",120,,,
128,2,"Run Left",120,,,
128,3,"Run Right",120,,,
128,4,"Run Duck Underneath",120,,,
128,5,"Run Stop Run",120,,,
128,6,"Run Stop Run",120,,,
128,7,"Run Stop Run",120,,,
128,8,"Run Stop Run",120,,,
128,9,"Run Roll Underneath",120,,,
128,10,"Run Dive Over Roll Run",120,,,
128,11,"Run Dive Over Roll Run",120,,,
131,1,"Start Walk Stop",120,,,
131,2,"Start Walk Stop",120,,,
131,3,"Start Hop Stop",120,,,
131,4,"Start Hop Stop",120,,,
131,5,"Start Duck Underneath Stop",120,,,
131,6,"Start Duck Underneath Stop",120,,,
131,7,"Jump Stop",120,,,
131,8,"Jump Stop",120,,,
131,9,"Start Walk Left",120,,,
131,10,"Start Walk Left",120,,,
131,11,"Start Walk Left",120,,,
131,12,"Start Walk Right",120,,,
131,13,"Start Walk Right",120,,,
131,14,"Start Walk Right",120,,,
132,1,"Walk With Arms Out, balancing",120,,,
132,2,"Walk With Arms Out, balancing",120,,,
132,3,"Walk With Arms Out, balancing",120,,,
132,4,"Walk With Arms Out, balancing",120,,,
132,5,"Walk With Arms Out, balancing",120,,,
132,6,"Walk With Arms Out, balancing",120,,,
132,7,"Walk With Arms Out, balancing",120,,,
132,8,"Walk With Arms Out, balancing",120,,,
132,9,"Walk With Arms Out, balancing",120,,,
132,10,"Walk With Arms Out, balancing",120,,,
132,11,"Walk With Arms Out, balancing",120,,,
132,12,"Walk With Arms Out, balancing",120,,,
132,13,"Walk Backwards",120,,,
132,14,"Walk Duck Footed",120,,,
132,15,"Walk With Knees Bent",120,,,
132,16,"Walk Crossover",120,,,
132,17,"Walk Fast",120,,,
132,18,"Walk Fast",120,,,
132,19,"Walk Fast",120,,,
132,20,"Walk Fast",120,,,
132,21,"Walk Fast",120,,,
132,22,"Walk Fast",120,,,
132,23,"Hop on left foot",120,,,
132,24,"Hop on left foot",120,,,
132,25,"Hop on left foot",120,,,
132,26,"Hop on left foot",120,,,
132,27,"Hop on left foot",120,,,
132,28,"Hop on left foot",120,,,
132,29,"Bouncy Walk",120,,,
132,30,"Bouncy Walk",120,,,
132,31,"Bouncy Walk",120,,,
132,32,"Bouncy Walk",120,,,
132,33,"Bouncy Walk",120,,,
132,34,"Bouncy Walk",120,,,
132,35,"Walk Leaning To The Right",120,,,
132,36,"Walk Leaning To The Right",120,,,
132,37,"Marching",120,,,
132,38,"Motorcycle",120,,,
132,39,"Pigeon Toed Walking",120,,,
132,40,"Walk With Stiff Arms",120,,,
132,41,"Walk With Stiff Arms",120,,,
132,42,"Walk Swinging Shoulders",120,,,
132,43,"Walk Swinging Shoulders",120,,,
132,44,"Walk Swinging Shoulders",120,,,
132,45,"Walk Slow",120,,,
132,46,"Walk Slow",120,,,
132,47,"Walk Slow",120,,,
132,48,"Walk Slow",120,,,
132,49,"Walk Slow",120,,,
132,50,"Walk Slow",120,,,
132,51,"Tpose",120,,,
132,52,"Range of Motion",120,,,
132,53,"Walk With Legs Apart",120,,,
132,54,"Walk With Wild Arms",120,,,
132,55,"Walk With Wild Legs",120,,,
132,56,"Walk With Wild Legs",120,,,
133,1,"Walk Crawl",120,,,
133,2,"Walk Crawl",120,,,
133,3,"Walk Jump",120,,,
133,4,"Walk Jump",120,,,
133,5,"Walk Jump",120,,,
133,6,"Walk Jump",120,,,
133,7,"Walk Jump",120,,,
133,8,"Stretch Walk",120,,,
133,9,"Stretch Walk",120,,,
133,10,"Stretch Walk",120,,,
133,11,"Walk Stop Walk",120,,,
133,12,"Walk Stop Walk",120,,,
133,13,"Walk Stop Walk",120,,,
133,14,"Walk Left",120,,,
133,15,"Walk Left",120,,,
133,16,"Walk Left",120,,,
133,17,"Walk Right",120,,,
133,18,"Walk Right",120,,,
133,19,"Walk Right",120,,,
133,20,"Walk Right",120,,,
133,21,"Walk",120,,,
133,22,"Walk",120,,,
133,23,"Walk",120,,,
133,24,"Walk ZigZag",120,,,
133,25,"Motorcycle",120,,,
133,26,"Range of Motion",120,,,
134,1,"Duck Under",120,,,
134,2,"Go Forward",120,,,
134,3,"Lean Turn Right",120,,,
134,4,"Motorcycle",120,,,
134,5,"Pump Jump",120,,,
134,6,"Push Turn Left",120,,,
134,7,"Push Turn Left",120,,,
134,8,"Push Turn Right",120,,,
134,9,"Push Turn Right",120,,,
134,10,"Start",120,,,
134,11,"Start",120,,,
134,12,"Stop and Go",120,,,
134,13,"Stop and Go",120,,,
134,14,"Stop ang Go",120,,,
134,15,"Lean Turn Left",120,,,
135,1,"Bassai",120,,,
135,2,"Empi",120,,,
135,3,"Empi",120,,,
135,4,"Front Kick",120,,,
135,5,"Gedanbarai",120,,,
135,6,"Heiansyodan",120,,,
135,7,"Mawashigeri",120,,,
135,8,"Motorcycle",120,,,
135,9,"Oiduki",120,,,
135,10,"Syutouuke",120,,,
135,11,"Yokogeri",120,,,
136,1,"Walk Bent Forward",120,,,
136,2,"Walk Bent Forward",120,,,
136,3,"Walk Backwards Bent Forward",120,,,
136,4,"Walk Backwards Bent Forward",120,,,
136,5,"Walk on Toes Bent Forward",120,,,
136,6,"Walk on Toes Bent Forward",120,,,
136,7,"Walk Backward on Toes Bent Forward",120,,,
136,8,"Walk Backward on Toes Bent Forward",120,,,
136,9,"Walk Crouched",120,,,
136,10,"Walk Crouched",120,,,
136,11,"Walk Backwards Crouched",120,,,
136,12,"Walk Backwards Crouched",120,,,
136,13,"Walk on Toes Crouched",120,,,
136,14,"Walk on Toes Crouched",120,,,
136,15,"Walk Backwards on Toes Crouched",120,,,
136,16,"Walk Backwards on Toes Crouched",120,,,
136,17,"Flamingo, lift legs high",120,,,
136,18,"Flamingo, lift legs high",120,,,
136,19,"Motorcycle",60,,,
136,20,"Normal Walk",120,,,
136,21,"Normal Walk",120,,,
136,22,"Normal Walk",120,,,
136,23,"Normal Walk",120,,,
136,24,"Normal Walk",120,,,
136,25,"Normal Walk Backwards",120,,,
136,26,"Normal Walk Backwards",120,,,
136,27,"Walk on Toes",120,,,
136,28,"Walk on Toes",120,,,
136,29,"Walk Backwards on Toes",120,,,
136,30,"Walk Backwards on Toes",120,,,
136,31,"Quail, quick little steps",120,,,
136,32,"Quail, quick little steps",120,,,
136,33,"Range of Motion",120,,,
137,1,"Cat Coffee Mug",120,,,
137,2,"Cat Pick Up",120,,,
137,3,"Cat Wait",120,,,
137,4,"Cat Walk",120,,,
137,5,"Chicken Coffee Mug",120,,,
137,6,"Chicken Pick Up",120,,,
137,7,"Chicken Wait",120,,,
137,8,"Chicken Walk",120,,,
137,9,"Dinosaur Coffee Mug",120,,,
137,10,"Dinosaur Pick Up",120,,,
137,11,"Dinosaur Wait",120,,,
137,12,"Dinosaur Walk",120,,,
137,13,"Drunk Coffee Mug",120,,,
137,14,"Drunk Pick Up",120,,,
137,15,"Drunk Wait",120,,,
137,16,"Drunk Walk",120,,,
137,17,"Gangly Teen Coffee Mug",120,,,
137,18,"Gangly Teen Pick Up",120,,,
137,19,"Gangly Teen Wait",120,,,
137,20,"Gangly Teen Walk",120,,,
137,21,"Graceful Lady Coffee Mug",120,,,
137,22,"Graceful Lady Pick Up",120,,,
137,23,"Graceful Lady Wait",120,,,
137,24,"Graceful Lady Walk",120,,,
137,25,"Motorcycle",120,,,
137,26,"Normal Coffee Mug",120,,,
137,27,"Normal Pick Up",120,,,
137,28,"Normal Wait",120,,,
137,29,"Normal Walk",120,,,
137,30,"Old Man Coffee Mug",120,,,
137,31,"Old Man Pick Up",120,,,
137,32,"Old Man Wait",120,,,
137,33,"Old Man Walk",120,,,
137,34,"Range of Motion",120,,,
137,35,"Sexy Lady Coffee Mug",120,,,
137,36,"Sexy Lady Pick Up",120,,,
137,37,"Sexy Lady Wait",120,,,
137,38,"Sexy Lady Walk",120,,,
137,39,"Strong Man Coffee Mug",120,,,
137,40,"Strong Man Pick Up",120,,,
137,41,"Strong Man Wait",120,,,
137,42,"Strong Man Walk",120,,,
138,1,"Marching",120,,,
138,2,"Marching",120,,,
138,3,"Marching",120,,,
138,4,"Marching",120,,,
138,5,"Marching",120,,,
138,6,"Marching",120,,,
138,7,"Marching",120,,,
138,8,"Marching",120,,,
138,9,"Marching",120,,,
138,10,"Marching",120,,,
138,11,"Story",120,,,
138,12,"Story",120,,,
138,13,"Story",120,,,
138,14,"Story",120,,,
138,15,"Story",120,,,
138,16,"Story",120,,,
138,17,"Story",120,,,
138,18,"Story",120,,,
138,19,"Story",120,,,
138,20,"Story",120,,,
138,21,"Story",120,,,
138,22,"Story",120,,,
138,23,"Story",120,,,
138,24,"Story",120,,,
138,25,"Story",120,,,
138,26,"Story",120,,,
138,27,"Story",120,,,
138,28,"Story",120,,,
138,29,"Story",120,,,
138,30,"Story",120,,,
138,31,"Story",120,,,
138,32,"Story",120,,,
138,33,"Story",120,,,
138,34,"Story",120,,,
138,35,"Story",120,,,
138,36,"Story",120,,,
138,37,"Story",120,,,
138,38,"Story",120,,,
138,39,"Story",120,,,
138,40,"Story",120,,,
138,41,"Story",120,,,
138,42,"Story",120,,,
138,43,"Story",120,,,
138,44,"Story",120,,,
138,45,"Story",120,,,
138,46,"Story",120,,,
138,47,"Story",120,,,
138,48,"Story",120,,,
138,49,"Story",120,,,
138,50,"Story",120,,,
138,51,"Story",120,,,
138,52,"Story",120,,,
138,53,"Story",120,,,
138,54,"Story",120,,,
138,55,"Story",120,,,
139,1,"Looking Around",120,,,
139,2,"Shifting Weight",120,,,
139,3,"Looking Around",120,,,
139,4,"Looking Around",120,,,
139,5,"Pulling a Gun",120,,,
139,6,"Poking Around On The Ground",120,,,
139,7,"Poking Around On The Ground",120,,,
139,8,"Poking Around On The Ground",120,,,
139,9,"Ducking",120,,,
139,10,"Run",120,,,
139,11,"Run To Sneak",120,,,
139,12,"Run in Circles",120,,,
139,13,"Run in Circles",120,,,
139,14,"Sneak Sideways",120,,,
139,15,"Sneak Sideways",120,,,
139,16,"Get Up From Ground",120,,,
139,17,"Get Up From Ground",120,,,
139,18,"Get Up From Ground Laying on Back",120,,,
139,19,"Walk Wounded Leg",120,,,
139,20,"Walk Wounded Leg",120,,,
139,21,"Range Of Motion",120,,,
139,22,"Walk Wounded Leg",120,,,
139,23,"Walk Wounded Leg",120,,,
139,24,"Walk Wounded Leg",120,,,
139,25,"Giving Directions",120,,,
139,26,"Looking Around",120,,,
139,27,"Looking Around",120,,,
139,28,"Walking",120,,,
139,29,"Sneaking",120,,,
139,30,"Walking",120,,,
139,31,"Sneaking",120,,,
139,32,"Sneaking",120,,,
139,33,"Sneaking",120,,,
139,34,"Sneaking",120,,,
140,1,"Get Up Face Down",120,,,
140,2,"Get Up Face Down",120,,,
140,3,"Get Up Laying on Side",120,,,
140,4,"Get Up Laying on Side",120,,,
140,5,"Motorcycle",120,,,
140,6,"Idle",120,,,
140,7,"Idle",120,,,
140,8,"Get Up From Ground Laying on Back",120,,,
140,9,"Get Up From Ground Laying on Back",120,,,
141,1,"Run",120,,,
141,2,"Run",120,,,
141,3,"Run",120,,,
141,4,"Jump Distances",120,,,
141,5,"Jump Sideways",120,,,
141,6,"Jump Twist",120,,,
141,7,"Walk Up and Over",120,,,
141,8,"Steop On Walk Down",120,,,
141,9,"Step Over",120,,,
141,10,"Toss and Catch",120,,,
141,11,"Throw and Catch",120,,,
141,12,"Dance, Twist",120,,,
141,13,"Stretch and Yawn",120,,,
141,14,"Punch and Kick",120,,,
141,15,"Range of Motion",120,,,
141,16,"Wave Hello",120,,,
141,17,"Sit on Stool",120,,,
141,18,"Peek a Boo",120,,,
141,19,"Walk",120,,,
141,20,"Waiting",120,,,
141,21,"Shrug",120,,,
141,22,"High Five",120,,,
141,23,"Shake Hands",120,,,
141,24,"Around the world High Five Low",120,,,
141,25,"Walk",120,,,
141,26,"Curtsey",120,,,
141,27,"Mope",120,,,
141,28,"Slap Hands, Throw it Back",120,,,
141,29,"Random Walk",120,,,
141,30,"Random Walk",120,,,
141,31,"Walk Backwards",120,,,
141,32,"Walk Sideways, Cross Legs",120,,,
141,33,"Walk Sideways, Foot to Foot",120,,,
141,34,"Run",120,,,
142,1,"Childish",120,,,
142,2,"Clumsy",120,,,
142,3,"Clumsy",120,,,
142,4,"Cool",120,,,
142,5,"Depressed",120,,,
142,6,"Elated",120,,,
142,7,"Elderlyman",120,,,
142,8,"Happy",120,,,
142,9,"Joy",120,,,
142,10,"Lavish",120,,,
142,11,"Marching",120,,,
142,12,"Painfulleftknee",120,,,
142,13,"Relaxed",120,,,
142,14,"Rushed",120,,,
142,15,"Sad",120,,,
142,16,"Scared",120,,,
142,17,"Scared",120,,,
142,18,"Sexy",120,,,
142,19,"Shy",120,,,
142,20,"Singing in the rain jump",120,,,
142,21,"Singing in the rain jump",120,,,
142,22,"Sneaky",120,,,
143,1,"Run",120,,,
143,2,"Run to Stop",120,,,
143,3,"Start to Run",120,,,
143,4,"Run Figure 8",120,,,
143,5,"Jumping Distances",120,,,
143,6,"Jumping Heights",120,,,
143,7,"Jumping Sideways",120,,,
143,8,"Jumping Twists",120,,,
143,9,"Jumping Twists",120,,,
143,10,"Walk And Pick up Tool Box",120,,,
143,11,"Walk And Pick up Box",120,,,
143,12,"Walk And Pick up Toolbox",120,,,
143,13,"Walk and Pick up Laundry Basket",120,,,
143,14,"Walk And Step Over",120,,,
143,15,"Walk And Step Over",120,,,
143,16,"Walk And Step Over",120,,,
143,17,"Walk Up Stairs And Over",120,,,
143,18,"Sit Down And Get Up",120,,,
143,19,"Sit On Stool And Get Up",120,,,
143,20,"Catch And Throw",120,,,
143,21,"Range Of Motion",120,,,
143,22,"Catch And Throw Football",120,,,
143,23,"Punching",120,,,
143,24,"Kicking",120,,,
143,25,"Waving",120,,,
143,26,"Washing Window",120,,,
143,27,"Washing Window",120,,,
143,28,"Sweeping, Push Broom",120,,,
143,29,"Pacing",120,,,
143,30,"Stretch And Yawn",120,,,
143,31,"Hopscotch",120,,,
143,32,"Walk",120,,,
143,33,"Peek A Boo",120,,,
143,34,"Chicken Dance",120,,,
143,35,"Macarena Dance",120,,,
143,36,"Airplane",120,,,
143,37,"Climb Up And Down Ladder",120,,,
143,38,"Walk Digital 8",120,,,
143,39,"Walk Backwards",120,,,
143,40,"Walk Sideways",120,,,
143,41,"Sneak",120,,,
143,42,"Run",120,,,
144,1,"Cartwheels",120,,,
144,2,"Cartwheels001",120,,,
144,3,"Figure8s",120,,,
144,4,"Figure8s001",120,,,
144,5,"Front_Kicking",120,,,
144,6,"Front_Kicking001",120,,,
144,7,"Left_Blocks",120,,,
144,8,"Left_Blocks001",120,,,
144,9,"Left_Front_Kicking",120,,,
144,10,"Left_Front_Kicking001",120,,,
144,11,"Left_Lunges",120,,,
144,12,"Left_Lunges001",120,,,
144,13,"Left_Punch_Sequence001",120,,,
144,14,"Left_Punch_Sequence002",120,,,
144,15,"Left_Spin_reach001",120,,,
144,16,"Left_Spin_reach002",120,,,
144,17,"Lunges",120,,,
144,18,"Lunges001",120,,,
144,19,"motorcycle pose",120,,,
144,20,"Punch_Sequence",120,,,
144,21,"Punch_Sequence001",120,,,
144,22,"Reach_Left001",120,,,
144,23,"Reach_Left002",120,,,
144,24,"Reach_Right",120,,,
144,25,"Reach_Right001",120,,,
144,26,"Right_Blocks",120,,,
144,27,"Right_Blocks001",120,,,
144,28,"Right_Spin_reach",120,,,
144,29,"Right_Spin_reach001",120,,,
144,30,"Sun Salutation",120,,,
144,31,"Sun Salutation001",120,,,
144,32,"Sun Salutation002",120,,,
144,33,"Walking",120,,,
144,34,"Walking001",120,,,
